id,supervoxel_id,composite_cell_type,super_class,cell_type,side,cluster,colours
720575941474674986,76142074248072351,DNp32,descending,DNp32,right,DN_15,#5AB5DD
720575941561088045,76212442992558863,DNp27,descending,DNp27,right,DN_18,#57B2C1
720575941662395704,76212442992686915,DNd02,descending,DNd02,left,DN_12,#59A846
720575941632903621,75930968015558765,DNg100,descending,DNg100,left,DN_11,#4FAA6F
720575941393518742,76142074248089534,DNp32,descending,DNp32,left,DN_15,#5AB5DD
720575941486475917,76142074315169489,DNpe053,descending,DNpe053,right,NA,NA
720575941521093815,75014662244566844,DNg100,descending,DNg100,right,DN_11,#4FAA6F
720575941449699765,76353180480628309,DNd03,descending,DNd03,left,DN_16,#F39B38
720575941551811839,75788375369986196,DNp30,descending,DNp30,right,DN_14,#54B0A6
720575941579876085,76353180480635889,DNg74_a,descending,DNg74_a,right,DN_11,#4FAA6F
720575941614265875,76142074315067918,DNp103,descending,DNp103,right,DN_14,#54B0A6
720575941450655310,76071705570920124,DNpe053,descending,DNpe053,left,NA,NA
720575941507246405,76141180626620093,DNge149,descending,DNge149,right,DN_16,#F39B38
720575941441988815,76212442924872167,DNg98,descending,DNg98,right,DN_22,#D0B43E
720575941401814307,75930968015332293,DNge050,descending,DNge050,left,DN_11,#4FAA6F
720575941658928208,76001336759552753,DNg34,descending,DNg34,right,DN_11,#4FAA6F
720575941467705366,76071705571064966,DNp103,descending,DNp103,left,DN_14,#54B0A6
720575941459097503,75436600100484205,DNp01,descending,DNp01,right,DN_14,#54B0A6
720575941533464195,76282811736625832,DNb05,descending,DNb05,left,DN_18,#57B2C1
720575941459683398,76071705504161048,DNp27,descending,DNp27,left,DN_18,#57B2C1
720575941584468063,76071705436520967,DNg98,descending,DNg98,left,DN_22,#D0B43E
720575941441623899,76353180547587490,DNg75,descending,DNg75,right,DN_11,#4FAA6F
720575941401805859,76071705436547153,DNd02,descending,DNd02,right,DN_12,#59A846
720575941611304937,76140013335343390,DNc01,descending,DNc01,midline,DN_19,#658FC8
720575941551991295,76423549291662182,DNg16,descending,DNg16,left,DN_11,#4FAA6F
720575941563183016,76353180547650464,DNg74_b,descending,DNg74_b,right,DN_13,#764D99
720575941447863316,76001336759819912,DNb05,descending,DNb05,right,DN_18,#57B2C1
720575941614432409,76282811736605449,DNge047,descending,DNge047,left,DN_15,#5AB5DD
720575941552029183,75930968015500254,DNg74_a,descending,DNg74_a,left,DN_11,#4FAA6F
720575941688643340,76212442992756280,DNp10,descending,DNp10,right,DN_14,#54B0A6
720575941486576390,75930968082496232,DNg16,descending,DNg16,right,DN_11,#4FAA6F
720575941444018602,76353180547717441,DNg35,descending,DNg35,right,DN_08,#5FA5D8
720575941567461678,76071705504383689,DNp10,descending,DNp10,left,DN_14,#54B0A6
720575941435313294,76142074315307574,DNae009,descending,DNae009,left,DN_03,#EF6B33
720575941477713770,76001336759865368,DNge047,descending,DNge047,right,DN_15,#5AB5DD
720575941568410362,75930968015582750,DNg75,descending,DNg75,left,DN_11,#4FAA6F
720575941572471454,75930968015666527,DNg74_b,descending,DNg74_b,left,DN_13,#764D99
720575941644912760,76282811736508646,DNp42,descending,DNp42,left,DN_17,#7063A9
720575941519463278,76353180547433413,DNg108,descending,DNg108,right,DN_13,#764D99
720575941551998719,76001336759850554,DNp42,descending,DNp42,right,DN_17,#7063A9
720575941519464046,75930968015348134,DNg97,descending,DNg97,left,DN_11,#4FAA6F
720575941449384885,76070743431169887,DNge150,descending,DNge150,right,DN_19,#658FC8
720575941557353124,75930968015572829,DNd03,descending,DNd03,right,DN_16,#F39B38
720575941515652611,76353180480550103,DNg97,descending,DNg97,right,DN_11,#4FAA6F
720575941533459331,75930968082567117,DNc02,descending,DNc02,left,DN_19,#658FC8
720575941479966850,75930968082638080,DNg35,descending,DNg35,left,DN_08,#5FA5D8
720575941482906566,75930968082849185,DNa02,descending,DNa02,right,DN_10,#77AB44
720575941658915664,76282811736255603,DNg34,descending,DNg34,left,DN_11,#4FAA6F
720575941432208855,76001336827476359,DNp31,descending,DNp31,left,DN_06,#51AD8B
720575941352918576,76070605657109640,DNg70,descending,DNg70,left,DN_22,#D0B43E
720575941618366079,76282811870584706,DNp31,descending,DNp31,right,DN_06,#51AD8B
720575941513768780,76353180480518849,DNge037,descending,DNge037,right,DN_08,#5FA5D8
720575941535975873,76353180480528126,DNg105,descending,DNg105,right,DN_13,#764D99
720575941574089480,76071705571289937,DNp30,descending,DNp30,left,DN_14,#54B0A6
720575941510475536,76353180547935451,DNa02,descending,DNa02,left,DN_10,#77AB44
720575941459668435,76353180480521113,DNge036,descending,DNge036,right,DN_07,#6A79B8
720575941657879576,76071705570922564,DNp06,descending,DNp06,right,DN_14,#54B0A6
720575941626147180,75930968015474980,DNge053,descending,DNge053,left,DN_14,#54B0A6
720575941451962746,76353180480641370,DNge053,descending,DNge053,right,DN_14,#54B0A6
720575941560090606,76071705504344983,DNge129,descending,DNge129,left,DN_15,#5AB5DD
720575941568870770,76001336827297966,DNa10,descending,DNa10,right,DN_03,#EF6B33
720575941612051373,75577268869127263,DNa03,descending,DNa03,right,DN_06,#51AD8B
720575941552142727,76212443059397235,DNa03,descending,DNa03,left,DN_06,#51AD8B
720575941585932934,76353180547619558,DNge035,descending,DNge035,right,DN_13,#764D99
720575941519453550,76071705504128343,DNpe056,descending,DNpe056,right,DN_17,#7063A9
720575941441633883,75085237214423630,DNge049,descending,DNge049,right,DN_13,#764D99
720575941565482135,75295106899096444,DNa13,descending,DNa13,right,DN_10,#77AB44
720575941669831345,76212443126298223,DNa10,descending,DNa10,left,DN_03,#EF6B33
720575941540215501,76142074315554489,DNp01,descending,DNp01,left,DN_14,#54B0A6
720575941471955264,76001336827284231,DNbe001,descending,DNbe001,right,DN_06,#51AD8B
720575941536580634,76142074248548816,DNge129,descending,DNge129,right,DN_15,#5AB5DD
720575941638988661,75930968082569839,DNc01,descending,DNc01,midline,DN_19,#658FC8
720575941575457167,76142074248172310,DNp43,descending,DNp43,right,DN_17,#7063A9
720575941598773184,76142074315100808,DNp68,descending,DNp68,left,DN_18,#57B2C1
720575941688517388,75930968015372657,DNg93,descending,DNg93,left,DN_13,#764D99
720575941532728195,76282811804018389,DNbe001,descending,DNbe001,left,DN_06,#51AD8B
720575941480799395,75930968015269814,DNg105,descending,DNg105,left,DN_13,#764D99
720575941667357939,76001336760138156,DNge037,descending,DNge037,left,DN_08,#5FA5D8
720575941611791590,76142074315177962,DNp06,descending,DNp06,left,DN_14,#54B0A6
720575941652085745,76212443059312542,DNae007,descending,DNae007,left,DN_10,#77AB44
720575941508490881,76353180480579509,DNge048,descending,DNge048,right,DN_13,#764D99
720575941459656403,76001336759896349,DNp35,descending,DNp35,right,DN_14,#54B0A6
720575941603701433,75085168360348701,DNg102,descending,DNg102,right,DN_17,#7063A9
720575941611907245,76071705571078371,DNbe004,descending,DNbe004,right,DN_06,#51AD8B
720575941393492118,76142074315158358,DNpe045,descending,DNpe045,right,DN_14,#54B0A6
720575941537505768,75647363003825026,DNa11,descending,DNa11,right,DN_10,#77AB44
720575941473933664,75929662077193582,DNge104,descending,DNge104,right,DN_22,#D0B43E
720575941631013090,75930968015310709,DNge035,descending,DNge035,left,DN_13,#764D99
720575941732084523,76071705570949610,DNp62,descending,DNp62,left,DN_18,#57B2C1
720575941473780832,75930968082675467,DNge152,descending,DNge152,midline,DN_04,#95AE42
720575941662407992,75788855869355549,DNg29,descending,DNg29,left,DN_14,#54B0A6
720575941469775069,76142074248506494,DNg102,descending,DNg102,left,DN_17,#7063A9
720575941474644778,76353180480469749,DNge073,descending,DNge073,right,DN_12,#59A846
720575941414262161,76001336759795751,DNpe021,descending,DNpe021,right,DN_14,#54B0A6
720575941490416181,76353180480493539,DNg93,descending,DNg93,right,DN_13,#764D99
720575941483673853,76142074315206476,DNp48,descending,DNp48,right,DN_19,#658FC8
720575941411223467,76212443059499909,DNa01,descending,DNa01,left,DN_11,#4FAA6F
720575941663497084,76282811736674139,DNa11,descending,DNa11,left,DN_10,#77AB44
720575941544704005,76142074315106061,DNpe045,descending,DNpe045,left,DN_14,#54B0A6
720575941526706532,75930968082822160,DNg88,descending,DNg88,right,DN_10,#77AB44
720575941533346179,76142074315470891,DNge136,descending,DNge136,right,DN_22,#D0B43E
720575941595189029,76212443059809694,DNp18,descending,DNp18,left,DN_06,#51AD8B
720575941431097737,75930968015310701,DNge049,descending,DNge049,left,DN_13,#764D99
720575941494950526,76071705571083651,DNae005,descending,DNae005,right,DN_10,#77AB44
720575941581684601,75930968082751369,DNa06,descending,DNa06,right,DN_20,#EEB73C
720575941441243839,76142074315503225,DNge136,descending,DNge136,right,DN_22,#D0B43E
720575941519462766,76282811736441229,DNg104,descending,DNg104,right,DN_17,#7063A9
720575941520866995,76212443059568319,DNbe004,descending,DNbe004,left,DN_06,#51AD8B
720575941603795641,76142074248139606,DNp43,descending,DNp43,left,DN_17,#7063A9
720575941590008119,76071705571666684,DNge138,descending,DNge138,right,DN_18,#57B2C1
720575941412619631,76142074315370004,DNxn153,descending,DNxn153,right,DN_14,#54B0A6
720575941480759971,76071705571172871,DNge136,descending,DNge136,left,DN_22,#D0B43E
720575941537603043,76071705570992341,DNa01,descending,DNa01,right,DN_11,#4FAA6F
720575941671407015,76353180480361355,DNg13,descending,DNg13,right,DN_11,#4FAA6F
720575941481985475,76142074248394273,DNp69,descending,DNp69,left,DN_14,#54B0A6
720575941557338020,76142074315259141,DNp68,descending,DNp68,right,DN_18,#57B2C1
720575941653567505,76212442992519065,DNp12,descending,DNp12,left,DN_14,#54B0A6
720575941555572819,76001336759965232,DNpe020,descending,DNpe020,midline,DN_12,#59A846
720575941572671995,76071705571009123,DNp59,descending,DNp59,right,DN_14,#54B0A6
720575941558635279,76001336827122664,DNp11,descending,DNp11,left,DN_14,#54B0A6
720575941572397726,76142074315347259,DNa13,descending,DNa13,left,DN_10,#77AB44
720575941478429802,76212442924881998,DNg70,descending,DNg70,right,DN_22,#D0B43E
720575941503488747,75578162021050575,DNg27,descending,DNg27,right,DN_04,#95AE42
720575941496011719,76282811803904136,DNa16,descending,DNa16,left,DN_20,#EEB73C
720575941458994079,75930968015489711,DNge036,descending,DNge036,left,DN_07,#6A79B8
720575941569570162,76071705571238495,DNae002,descending,DNae002,right,DN_06,#51AD8B
720575941527847590,76212443059688052,DNa09,descending,DNa09,left,DN_06,#51AD8B
720575941450506830,76001336827019618,DNp18,descending,DNp18,right,DN_06,#51AD8B
720575941595955569,76142074315256456,DNp13,descending,DNp13,right,DN_17,#7063A9
720575941431081865,76282811736602539,DNd05,descending,DNd05,left,DN_08,#5FA5D8
720575941529301688,76142074248513829,DNge141,descending,DNge141,right,DN_17,#7063A9
720575941474675754,76001336759565185,DNg104,descending,DNg104,left,DN_17,#7063A9
720575941624210684,76071705570828584,DNp34,descending,DNp34,left,DN_12,#59A846
720575941546393020,76212442992550528,DNp35,descending,DNp35,left,DN_14,#54B0A6
720575941560092910,76212443059529392,DNa13,descending,DNa13,left,DN_10,#77AB44
720575941603763385,76142074248568753,DNp48,descending,DNp48,left,DN_19,#658FC8
720575941566170422,76282811736640394,DNp14,descending,DNp14,left,DN_22,#D0B43E
720575941515127875,76282811736497112,DNpe056,descending,DNpe056,left,DN_17,#7063A9
720575941535968449,75930968015451918,DNge048,descending,DNge048,left,DN_13,#764D99
720575941447883284,76071705504454574,DNp104,descending,DNp104,right,DN_14,#54B0A6
720575941528320952,76353180547967899,DNg88,descending,DNg88,left,DN_10,#77AB44
720575941617466325,75506488143514124,DNa16,descending,DNa16,right,DN_20,#EEB73C
720575941516029689,76142074315296318,DNae005,descending,DNae005,left,DN_10,#77AB44
720575941551948543,76142074248557341,DNp63,descending,DNp63,left,DN_03,#EF6B33
720575941578803025,76071705571035404,DNa13,descending,DNa13,right,DN_10,#77AB44
720575941450587726,76212442992505061,DNp55,descending,DNp55,left,DN_14,#54B0A6
720575941515630947,76071705504043338,DNp12,descending,DNp12,right,DN_14,#54B0A6
720575941535140362,76001336759669977,DNg15,descending,DNg15,left,DN_16,#F39B38
720575941604964286,75718487393612025,DNae007,descending,DNae007,right,DN_10,#77AB44
720575941496111047,76282811803546613,DNa06,descending,DNa06,left,DN_20,#EEB73C
720575941549991540,76071705504208646,DNg68,descending,DNg68,left,DN_17,#7063A9
720575941519236568,75930968015370693,DNge079,descending,DNge079,right,DN_13,#764D99
720575941542534236,76071705571220772,DNp13,descending,DNp13,left,DN_17,#7063A9
720575941490717390,76071705571133260,DNa09,descending,DNa09,right,DN_06,#51AD8B
720575941504526386,76142074248655339,DNg55,descending,DNg55,right,DN_15,#5AB5DD
720575941432256215,76282811736602524,DNge041,descending,DNge041,right,DN_08,#5FA5D8
720575941549488929,76142074248438762,DNg70,descending,DNg70,left,DN_22,#D0B43E
720575941529806520,76212442992750597,DNp34,descending,DNp34,right,DN_12,#59A846
720575941563169704,76001336759560257,DNg13,descending,DNg13,left,DN_11,#4FAA6F
720575941590550156,76071705637907844,DNb01,descending,DNb01,left,DN_06,#51AD8B
720575941470533131,76212443126360002,DNg96,descending,DNg96,right,DN_08,#5FA5D8
720575941456679149,76001336759946857,DNpe020,descending,DNpe020,midline,DN_12,#59A846
720575941525285197,76212443059672153,DNae002,descending,DNae002,left,DN_06,#51AD8B
720575941449983581,76353180480324179,DNg15,descending,DNg15,right,DN_16,#F39B38
720575941476214833,76142074248584938,DNge140,descending,DNge140,right,DN_15,#5AB5DD
720575941518509495,76282811736519927,DNge054,descending,DNge054,left,DN_11,#4FAA6F
720575941529171384,76212443059263043,DNb09,descending,DNb09,right,DN_15,#5AB5DD
720575941612058982,76071705571211132,DNge136,descending,DNge136,left,DN_22,#D0B43E
720575941410264235,76212443059713921,DNp11,descending,DNp11,right,DN_14,#54B0A6
720575941537584099,76212443059836981,DNp62,descending,DNp62,right,DN_18,#57B2C1
720575941721638714,76071705504311805,DNb09,descending,DNb09,left,DN_15,#5AB5DD
720575941536927464,76142074248030440,DNp29,descending,DNp29,right,DN_14,#54B0A6
720575941499008073,76071705570981683,DNp54,descending,DNp54,right,DN_14,#54B0A6
720575941493374896,76142074248202710,DNp29,descending,DNp29,left,DN_14,#54B0A6
720575941449871797,76282811736567846,DNpe022,descending,DNpe022,left,DN_15,#5AB5DD
720575941595300901,76071705504175079,DNp09,descending,DNp09,right,DN_15,#5AB5DD
720575941555220225,76282811803998982,DNge040,descending,DNge040,right,DN_08,#5FA5D8
720575941626296970,76001336692432439,DNbe002,descending,DNbe002,right,DN_12,#59A846
720575941496684672,76212442992665757,DNbe002,descending,DNbe002,left,DN_12,#59A846
720575941515697411,76212442992623301,DNp09,descending,DNp09,left,DN_15,#5AB5DD
720575941701235930,76212443059770489,DNpe017,descending,DNpe017,left,DN_06,#51AD8B
720575941456664045,76001336759784235,DNbe002,descending,DNbe002,right,DN_12,#59A846
720575941618895231,76142074315242148,DNb01,descending,DNb01,right,DN_06,#51AD8B
720575941632904389,76071705504150120,aSP22,descending,aSP22,right,DN_12,#59A846
720575941440379733,76001336759819925,DNp66,descending,DNp66,left,DN_14,#54B0A6
720575941655524820,76071705570874313,DNp45,descending,DNp45,right,DN_14,#54B0A6
720575941560434035,76142074248486514,DNge141,descending,DNge141,left,DN_17,#7063A9
720575941542465372,76142074315206470,DNp64,descending,DNp64,right,DN_14,#54B0A6
720575941593527915,76071705504102291,DNp70,descending,DNp70,right,DN_14,#54B0A6
720575941486437954,75930968015460209,DNg108,descending,DNg108,left,DN_13,#764D99
720575941691000984,76282811803962363,DNae003,descending,DNae003,left,DN_06,#51AD8B
720575941574242811,76071705504141901,DNpe022,descending,DNpe022,right,DN_15,#5AB5DD
720575941573616891,76142074315059583,DNp59,descending,DNp59,left,DN_14,#54B0A6
720575941521256115,76142074248545988,DNg102,descending,DNg102,left,DN_17,#7063A9
720575941539094677,76142074248413748,DNge142,descending,DNge142,right,DN_22,#D0B43E
720575941548066184,75930968015405878,DNge073,descending,DNge073,left,DN_12,#59A846
720575941441203135,76001336826861901,DNpe017,descending,DNpe017,right,DN_06,#51AD8B
720575941603744697,76282811803972980,DNge032,descending,DNge032,left,DN_22,#D0B43E
720575941602323897,75436119399371767,DNa04,descending,DNa04,right,DN_06,#51AD8B
720575941556446372,76001336759769357,DNge041,descending,DNge041,left,DN_08,#5FA5D8
720575941486437773,76001336826940675,DNp102,descending,DNp102,right,DN_05,#EE5B32
720575941625972123,76001336827212939,DNae003,descending,DNae003,right,DN_06,#51AD8B
720575941624166908,76212442924978891,DNd04,descending,DNd04,left,DN_16,#F39B38
720575941507243589,76282811736337897,DNbe002,descending,DNbe002,left,DN_12,#59A846
720575941407841071,76071705571468335,DNp07,descending,DNp07,left,DN_03,#EF6B33
720575941594851030,76212442992519061,DNp70,descending,DNp70,left,DN_14,#54B0A6
720575941490653129,76001336759841443,DNp14,descending,DNp14,right,DN_22,#D0B43E
720575941573266171,76001336759804857,DNge054,descending,DNge054,right,DN_11,#4FAA6F
720575941542610437,76071705504133816,DNp23,descending,DNp23,right,DN_15,#5AB5DD
720575941450017629,76001336759920089,DNp47,descending,DNp47,right,DN_18,#57B2C1
720575941563169192,76282811736370381,DNg68,descending,DNg68,right,DN_17,#7063A9
720575941658066456,76142074315420037,DNge138,descending,DNge138,right,DN_18,#57B2C1
720575941566192438,76142074315098242,DNp64,descending,DNp64,left,DN_14,#54B0A6
720575941554728868,76001336827176493,DNp73,descending,DNp73,left,DN_05,#EE5B32
720575941554682451,76071705504325822,DNg111,descending,DNg111,left,DN_10,#77AB44
720575941542514268,76282811736539170,DNg43,descending,DNg43,right,DN_11,#4FAA6F
720575941619883135,76142074248240794,DNpe031,descending,DNpe031,right,DN_15,#5AB5DD
720575941501658251,76071705504037878,DNp49,descending,DNp49,right,DN_14,#54B0A6
720575941508298786,76071705503919650,DNg43,descending,DNg43,left,DN_11,#4FAA6F
720575941510694098,76212442992654323,DNge119,descending,DNge119,right,DN_15,#5AB5DD
720575941440280767,75436119399355324,DNa15,descending,DNa15,right,DN_06,#51AD8B
720575941548060552,75930968083085319,DNge032,descending,DNge032,right,DN_22,#D0B43E
720575941631028962,76001336759713660,DNge063,descending,DNge063,left,DN_13,#764D99
720575941629726246,76212443059861893,DNp07,descending,DNp07,right,DN_03,#EF6B33
720575941454906163,76212443059434887,DNa04,descending,DNa04,left,DN_06,#51AD8B
720575941539074802,76282811736447247,DNpe021,descending,DNpe021,left,DN_14,#54B0A6
720575941408508078,76001336760032775,DNp08,descending,DNp08,right,DN_14,#54B0A6
720575941519282392,76001336759971227,DNpe005,descending,DNpe005,right,DN_03,#EF6B33
720575941430607753,76142074315209498,DNg111,descending,DNg111,right,DN_10,#77AB44
720575941503738967,76282811736688536,DNp47,descending,DNp47,left,DN_18,#57B2C1
720575941401766435,76282811736646155,DNbe007,descending,DNbe007,left,DN_08,#5FA5D8
720575941473877856,76001336759755351,DNp55,descending,DNp55,right,DN_14,#54B0A6
720575941596433029,76001336692407788,DNbe002,descending,DNbe002,right,DN_12,#59A846
720575941400290851,76353180547818968,DNg49,descending,DNg49,right,DN_20,#EEB73C
720575941392752900,76212442992643092,DNbe003,descending,DNbe003,left,DN_11,#4FAA6F
720575941606074477,76212442992329755,DNg29,descending,DNg29,right,DN_14,#54B0A6
720575941574686621,76142074315267602,DNge135,descending,DNge135,right,DN_18,#57B2C1
720575941638407199,76212443059403039,DNa15,descending,DNa15,left,DN_06,#51AD8B
720575941579640913,76142074315092782,DNpe026,descending,DNpe026,right,DN_14,#54B0A6
720575941535150314,76142074248606052,DNg102,descending,DNg102,right,DN_17,#7063A9
720575941658621464,76071705570971167,DNge140,descending,DNge140,left,DN_15,#5AB5DD
720575941519241176,75930968083031007,DNge040,descending,DNge040,left,DN_08,#5FA5D8
720575941632126188,76142074248249442,DNpe031,descending,DNpe031,right,DN_15,#5AB5DD
720575941574230011,76353180480550107,DNp08,descending,DNp08,left,DN_14,#54B0A6
720575941408472367,76001336759590165,DNg30,descending,DNg30,left,DN_17,#7063A9
720575941578384629,76071705504350328,DNpe025,descending,DNpe025,right,DN_12,#59A846
720575941572456862,76001336759911258,DNbe007,descending,DNbe007,right,DN_08,#5FA5D8
720575941552009727,76001336760082194,DNg49,descending,DNg49,left,DN_20,#EEB73C
720575941607119725,76353180480448213,DNge055,descending,DNge055,left,DN_09,#7C378A
720575941491761895,76212443059431954,DNp102,descending,DNp102,left,DN_05,#EE5B32
720575941551774526,76071705570912182,DNpe023,descending,DNpe023,left,DN_10,#77AB44
720575941406312110,76212442992402880,DNge132,descending,DNge132,left,DN_19,#658FC8
720575941527096857,76142074248560112,DNpe043,descending,DNpe043,left,DN_14,#54B0A6
720575941454913075,76001336692319429,DNge083,descending,DNge083,right,DN_12,#59A846
720575941563218944,76071705571178552,DNae010,descending,DNae010,right,DN_06,#51AD8B
720575941415042588,76001336827128095,DNbe005,descending,DNbe005,right,DN_06,#51AD8B
720575941537503976,76142074248208111,DNpe031,descending,DNpe031,left,DN_15,#5AB5DD
720575941632897989,75577544082281419,DNp57,descending,DNp57,right,DN_06,#51AD8B
720575941456681965,76142074315209525,DNg27,descending,DNg27,left,DN_04,#95AE42
720575941495492295,76142074315078640,DNp63,descending,DNp63,right,DN_03,#EF6B33
720575941610917037,76001336759798772,DNpe002,descending,DNpe002,right,DN_08,#5FA5D8
720575941443964074,76142074248532753,DNg22,descending,DNg22,right,DN_16,#F39B38
720575941552726407,76071705570906884,DNg99,descending,DNg99,right,DN_06,#51AD8B
720575941594858198,76353180547697387,DNg109,descending,DNg109,right,DN_11,#4FAA6F
720575941576142774,76142074315290361,DNp101,descending,DNp101,right,DN_15,#5AB5DD
720575941639800607,76071705571155970,DNge107,descending,DNge107,right,DN_06,#51AD8B
720575941639336053,76071705436547156,DNge104,descending,DNge104,left,DN_22,#D0B43E
720575941503507435,76212442992446273,DNp02,descending,DNp02,left,DN_14,#54B0A6
720575941671400103,76212442992689883,DNpe005,descending,DNpe005,left,DN_03,#EF6B33
720575941690780635,76142074315212550,DNp45,descending,DNp45,left,DN_14,#54B0A6
720575941555221761,76142074315035987,DNpe043,descending,DNpe043,right,DN_14,#54B0A6
720575941531996645,76071705570881639,DNpe042,descending,DNpe042,left,DN_14,#54B0A6
720575941521086391,76282811736499974,DNde005,descending,DNde005,left,DN_08,#5FA5D8
720575941510593296,76142074315043232,DNpe042,descending,DNpe042,right,DN_14,#54B0A6
720575941658931024,76071705504414158,DNp38,descending,DNp38,left,DN_14,#54B0A6
720575941440350293,76001336759896375,DNp71,descending,DNp71,right,DN_12,#59A846
720575941505988165,76001336893811332,DNge151,descending,DNge151,midline,DN_19,#658FC8
720575941483613114,76071705570914886,DNp101,descending,DNp101,left,DN_15,#5AB5DD
720575941452550057,76212443059614123,DNp19,descending,DNp19,left,DN_05,#EE5B32
720575941511281618,76001336827278764,DNg96,descending,DNg96,left,DN_08,#5FA5D8
720575941574158075,76141318132805149,DNg66,descending,DNg66,midline,DN_19,#658FC8
720575941552603966,76001336826870580,DNp19,descending,DNp19,right,DN_05,#EE5B32
720575941612018022,76071705504163839,DNge119,descending,DNge119,right,DN_15,#5AB5DD
720575941521263027,76212443059532294,DNp73,descending,DNp73,right,DN_05,#EE5B32
720575941589318199,76142074315070192,DNpe026,descending,DNpe026,left,DN_14,#54B0A6
720575941404711792,76001336827197548,DNpe016,descending,DNpe016,right,DN_15,#5AB5DD
720575941437879314,76282811870525513,DNge003,descending,DNge003,left,DN_07,#6A79B8
720575941411582063,76001336759775238,DNbe003,descending,DNbe003,right,DN_11,#4FAA6F
720575941480866979,76071705504189179,DNp23,descending,DNp23,left,DN_15,#5AB5DD
720575941507249221,75930968015558835,DNg109,descending,DNg109,left,DN_11,#4FAA6F
720575941494973054,76071705571144664,MDN,descending,MDN,left,DN_10,#77AB44
720575941476477492,76212443059502769,DNae010,descending,DNae010,left,DN_06,#51AD8B
720575941540246364,76212443059480293,DNge107,descending,DNge107,left,DN_06,#51AD8B
720575941459053471,76142074248164002,DNpe031,descending,DNpe031,left,DN_15,#5AB5DD
720575941462375181,76353180547748887,DNb06,descending,DNb06,right,DN_01,#F4AB3A
720575941477053233,76142074248117594,DNg103,descending,DNg103,left,DN_16,#F39B38
720575941513798097,75930968082748464,DNge007,descending,DNge007,right,DN_08,#5FA5D8
720575941595179301,76140013334977340,MDN,descending,MDN,right,DN_10,#77AB44
720575941497098313,76071705571402974,DNp26,descending,DNp26,left,DN_06,#51AD8B
720575941576562792,76282811736435347,DNge075,descending,DNge075,right,DN_12,#59A846
720575941594823537,76212443126274899,DNp05,descending,DNp05,right,DN_14,#54B0A6
720575941657989712,75930968083124544,DNge003,descending,DNge003,right,DN_07,#6A79B8
720575941439577055,76142074180698972,DNge153,descending,DNge153,right,DN_12,#59A846
720575941461510669,76071705504398422,DNb08,descending,DNb08,right,DN_11,#4FAA6F
720575941461674436,75930968082544318,DNb06,descending,DNb06,left,DN_01,#F4AB3A
720575941515922778,76142074248213704,DNpe050,descending,DNpe050,left,DN_14,#54B0A6
720575941585984902,76142074315087234,DNp104,descending,DNp104,left,DN_14,#54B0A6
720575941526981145,76212442992344037,DNpe049,descending,DNpe049,left,DN_16,#F39B38
720575941445047572,76001336759731977,DNg90,descending,DNg90,right,DN_08,#5FA5D8
720575941542898205,76071705436534033,DNd04,descending,DNd04,right,DN_16,#F39B38
720575941485636237,76071705571199013,DNp57,descending,DNp57,left,DN_06,#51AD8B
720575941413684369,76142074315065486,DNp38,descending,DNp38,right,DN_14,#54B0A6
720575941408535343,76212442992750573,DNb08,descending,DNb08,left,DN_11,#4FAA6F
720575941447860244,76142074315178010,DNp54,descending,DNp54,left,DN_14,#54B0A6
720575941515703043,76140356395645786,MDN,descending,MDN,left,DN_10,#77AB44
720575941415707420,76142074248385647,DNg24,descending,DNg24,left,DN_14,#54B0A6
720575941559176942,76212443059713912,DNb04,descending,DNb04,right,DN_03,#EF6B33
720575941450599502,76353180480397354,DNge063,descending,DNge063,right,DN_13,#764D99
720575941611992493,76212443059526459,DNbe005,descending,DNbe005,left,DN_06,#51AD8B
720575941561781650,75930968082877277,DNge006,descending,DNge006,right,DN_20,#EEB73C
720575941494930558,76353180480358110,DNg80,descending,DNg80,right,DN_16,#F39B38
720575941401308195,76140287742936280,MDN,descending,MDN,right,DN_10,#77AB44
720575941477812131,76353180480608078,DNpe002,descending,DNpe002,left,DN_08,#5FA5D8
720575941624691914,76071705504111304,DNpe006,descending,DNpe006,right,DN_12,#59A846
720575941515686499,76282811804018380,DNpe016,descending,DNpe016,left,DN_15,#5AB5DD
720575941460188883,76001336827249859,DNp05,descending,DNp05,left,DN_14,#54B0A6
720575941490590924,76212442992611643,DNge099,descending,DNge099,right,DN_14,#54B0A6
720575941475764801,76212443059728779,DNp03,descending,DNp03,right,DN_06,#51AD8B
720575941438465298,76001336827205271,DNb04,descending,DNb04,left,DN_03,#EF6B33
720575941534881368,76212443059197401,DNb08,descending,DNb08,left,DN_11,#4FAA6F
720575941515548515,75930968015384001,DNge046,descending,DNge046,left,DN_13,#764D99
720575941480480963,76071705571097367,DNge135,descending,DNge135,left,DN_18,#57B2C1
720575941644066898,76001336827239421,DNa05,descending,DNa05,right,DN_06,#51AD8B
720575941438500882,76282811736602537,aSP22,descending,aSP22,left,DN_12,#59A846
720575941644756168,76282811736468132,DNg30,descending,DNg30,right,DN_17,#7063A9
720575941592893992,76212442992569809,DNp49,descending,DNp49,left,DN_14,#54B0A6
720575941525186818,76282811803967694,DNge143,descending,DNge143,right,DN_21,#4CA854
720575941642906529,76142074315372952,DNge124,descending,DNge124,right,DN_10,#77AB44
720575941504090162,76212443059237838,DNae001,descending,DNae001,left,DN_10,#77AB44
720575941626056556,76212442992109184,DNge122,descending,DNge122,right,DN_22,#D0B43E
720575941515972698,76212443059391293,DNg99,descending,DNg99,left,DN_06,#51AD8B
720575941521128119,76001336759531406,DNge075,descending,DNge075,left,DN_12,#59A846
720575941453282217,76001336692433937,DNp58,descending,DNp58,left,DN_19,#658FC8
720575941559946734,76071705504311779,DNg22,descending,DNg22,left,DN_16,#F39B38
720575941539028722,75930968082492521,DNge038,descending,DNge038,left,DN_13,#764D99
720575941515619427,75859225083478308,DNpe055,descending,DNpe055,right,DN_03,#EF6B33
720575941589955383,76212443059276845,DNpe025,descending,DNpe025,left,DN_12,#59A846
720575941687897462,76071705504276393,DNpe027,descending,DNpe027,right,DN_11,#4FAA6F
720575941431123887,76071705504203138,DNae001,descending,DNae001,right,DN_10,#77AB44
720575941542885661,76212442992295691,DNg84,descending,DNg84,right,DN_16,#F39B38
720575941513727697,76353180547677793,DNge038,descending,DNge038,right,DN_13,#764D99
720575941480554370,76282811736824878,DNg79,descending,DNg79,right,DN_03,#EF6B33
720575941651815445,76282811803942976,DNge084,descending,DNge084,right,DN_05,#EE5B32
720575941432269271,75930968015653840,DNg101,descending,DNg101,right,DN_12,#59A846
720575941574675869,76071705571318236,DNb07,descending,DNb07,right,DN_03,#EF6B33
720575941438445330,76212443059223876,DNpe032,descending,DNpe032,right,DN_05,#EE5B32
720575941515685379,76071705503837833,DNge132,descending,DNge132,right,DN_19,#658FC8
720575941498984161,76212442924896662,DNge153,descending,DNge153,left,DN_12,#59A846
720575941430250377,76353180548042377,DNg91,descending,DNg91,left,DN_06,#51AD8B
720575941540257741,76282811803402561,DNpe027,descending,DNpe027,left,DN_11,#4FAA6F
720575941411620207,76142074315565818,DNg33,descending,DNg33,left,DN_19,#658FC8
720575941594869974,76142074315367074,DNpe036,descending,DNpe036,right,DN_19,#658FC8
720575941507073303,76071705503614820,DNp02,descending,DNp02,right,DN_14,#54B0A6
720575941486527885,76212443059804078,DNa05,descending,DNa05,left,DN_06,#51AD8B
720575941515940089,76071705436531051,DNge103,descending,DNge103,right,DN_11,#4FAA6F
720575941559874831,76142074248254953,DNp04,descending,DNp04,right,DN_14,#54B0A6
720575941573670921,76353180480530556,DNge046,descending,DNge046,right,DN_13,#764D99
720575941630998754,76282811736473915,DNde002,descending,DNde002,left,DN_08,#5FA5D8
720575941507557505,76142074180719392,DNg103,descending,DNg103,right,DN_16,#F39B38
720575941507894366,76423549291706811,DNg69,descending,DNg69,left,DN_13,#764D99
720575941515781978,76071705503931030,DNg84,descending,DNg84,left,DN_16,#F39B38
720575941401806883,76001336692352141,DNg80,descending,DNg80,left,DN_16,#F39B38
720575941561376813,76071705503733058,DNde006,descending,DNde006,right,DN_22,#D0B43E
720575941539809997,76001336827147520,DNp03,descending,DNp03,left,DN_06,#51AD8B
720575941495864905,76704062196264027,CvN7,descending,CvN7,left,DN_20,#EEB73C
720575941456625567,76282811736479745,DNg90,descending,DNg90,left,DN_08,#5FA5D8
720575941558381860,76142074248252307,DNpe050,descending,DNpe050,right,DN_14,#54B0A6
720575941703187674,76142074248210889,DNg87,descending,DNg87,right,DN_16,#F39B38
720575941471238263,76212443059664513,DNpe055,descending,DNpe055,left,DN_03,#EF6B33
720575941439420223,76071705504191929,DNge099,descending,DNge099,left,DN_14,#54B0A6
720575941471958592,75718212314721453,DNpe007,descending,DNpe007,right,DN_16,#F39B38
720575941479543776,76423549291635410,DNge023,descending,DNge023,left,DN_08,#5FA5D8
720575941469190667,76001336827019627,DNge084,descending,DNge084,left,DN_05,#EE5B32
720575941476567601,76001336759737623,DNge042,descending,DNge042,right,DN_09,#7C378A
720575941561392173,76282811803463008,DNg39,descending,DNg39,right,DN_08,#5FA5D8
720575941591988776,76142074248252309,DNg24,descending,DNg24,right,DN_14,#54B0A6
720575941574140169,76353180547728929,DNg101,descending,DNg101,left,DN_12,#59A846
720575941557473572,76282811736216738,DNde006,descending,DNde006,left,DN_22,#D0B43E
720575941491649255,76142074315103423,oviDNa_a,descending,oviDNa_a,right,DN_17,#7063A9
720575941438410514,76212443059535252,DNb07,descending,DNb07,left,DN_03,#EF6B33
720575941435039118,76142074315327313,DNbe006,descending,DNbe006,left,DN_15,#5AB5DD
720575941569348858,76282811736288082,DNge083,descending,DNge083,left,DN_12,#59A846
720575941545432425,76071705504345008,DNb08,descending,DNb08,right,DN_11,#4FAA6F
720575941663496316,76212442992244267,DNpe030,descending,DNpe030,left,DN_17,#7063A9
720575941557316004,76353180480605502,DNg14,descending,DNg14,right,DN_13,#764D99
720575941722218298,76282811803940229,DNp22,descending,DNp22,left,DN_02,#B3B140
720575941466194454,76212442992455067,DNp04,descending,DNp04,left,DN_14,#54B0A6
720575941588971076,76071705570901483,DNge124,descending,DNge124,left,DN_10,#77AB44
720575941511270610,75930968082655411,DNg39,descending,DNg39,left,DN_08,#5FA5D8
720575941562640296,75930968082723461,DNge026,descending,DNge026,right,DN_21,#4CA854
720575941492588976,76212442992460675,DNge103,descending,DNge103,left,DN_11,#4FAA6F
720575941444956074,76353180547944254,DNge007,descending,DNge007,left,DN_08,#5FA5D8
720575941561743872,76282811736596943,DNge043,descending,DNge043,left,DN_01,#F4AB3A
720575941542832413,76071705436519630,DNde001,descending,DNde001,right,DN_22,#D0B43E
720575941539101589,76282811736558852,DNg31,descending,DNg31,right,DN_08,#5FA5D8
720575941498433659,75930968015335228,DNge148,descending,DNge148,left,DN_13,#764D99
720575941467587606,76071705571517620,DNpe032,descending,DNpe032,left,DN_05,#EE5B32
720575941485780176,76353180480493527,DNge042,descending,DNge042,left,DN_09,#7C378A
720575941529711288,75930968083016835,DNge004,descending,DNge004,right,DN_13,#764D99
720575941414341521,76001336826920828,DNpe055,descending,DNpe055,right,DN_03,#EF6B33
720575941572464798,75930968082586966,DNge172,descending,DNge172,left,DN_19,#658FC8
720575941486413709,76071705504163835,DNg40,descending,DNg40,left,DN_14,#54B0A6
720575941618678655,76212442992391559,DNg85,descending,DNg85,right,DN_16,#F39B38
720575941430120289,75930968082681249,DNge023,descending,DNge023,right,DN_08,#5FA5D8
720575941669726129,76071705503613933,DNg85,descending,DNg85,left,DN_16,#F39B38
720575941557943155,76001336759749474,DNge043,descending,DNge043,right,DN_01,#F4AB3A
720575941467350237,76282811736753756,DNg79,descending,DNg79,right,DN_03,#EF6B33
720575941569594738,76071705570881635,DNp44,descending,DNp44,right,DN_17,#7063A9
720575941626256266,76142074248308395,DNge131,descending,DNge131,right,DN_17,#7063A9
720575941632059372,76423549291615184,DNge006,descending,DNge006,left,DN_20,#EEB73C
720575941541271325,75930968083079630,DNg78,descending,DNg78,right,DN_21,#4CA854
720575941479114976,76353180480568635,DNge148,descending,DNge148,right,DN_13,#764D99
720575941596424581,76142074315177978,oviDNb,descending,oviDNb,right,DN_17,#7063A9
720575941515152195,76282811736550079,DNpe006,descending,DNpe006,left,DN_12,#59A846
720575941598584768,76492887311034063,CvN2,descending,CvN2,left,DN_20,#EEB73C
720575941442020815,76142074248199909,DNpe030,descending,DNpe030,right,DN_17,#7063A9
720575941625794186,76212443059614143,DNae008,descending,DNae008,left,DN_10,#77AB44
720575941568894202,76142074315075599,DNp104,descending,DNp104,left,DN_14,#54B0A6
720575941592925992,75930968015597597,DNg69,descending,DNg69,right,DN_13,#764D99
720575941439601887,76071705436557839,DNge122,descending,DNge122,left,DN_22,#D0B43E
720575941632652987,75930968015257710,DNge060,descending,DNge060,right,DN_07,#6A79B8
720575941589042487,77266805789755233,CvN5-8,descending,CvN5-8,left,DN_20,#EEB73C
720575941485430992,76001336759713703,DNg37,descending,DNg37,right,DN_09,#7C378A
720575941482970310,76142074315111638,DNge131,descending,DNge131,right,DN_17,#7063A9
720575941510572560,76001336759943876,DNg95,descending,DNg95,right,DN_04,#95AE42
720575941671438247,76142074315158384,DNpe036,descending,DNpe036,left,DN_19,#658FC8
720575941434752398,76142074248175139,DNp44,descending,DNp44,left,DN_17,#7063A9
720575941565484391,76142074248655568,DNpe037,descending,DNpe037,left,DN_18,#57B2C1
720575941489274057,76353180480458830,DNge046,descending,DNge046,right,DN_13,#764D99
720575941537638627,76071705571043168,DNa14,descending,DNa14,right,DN_14,#54B0A6
720575941561430829,76142074315133359,oviDNa_b,descending,oviDNa_b,right,DN_17,#7063A9
720575941473372714,76142074248144989,DNpe052,descending,DNpe052,right,DN_17,#7063A9
720575941435386668,76001336759896387,DNp56,descending,DNp56,right,DN_11,#4FAA6F
720575941459103391,76071705504245309,DNg79,descending,DNg79,left,DN_03,#EF6B33
720575941540269693,76142074315150088,oviDNb,descending,oviDNb,left,DN_17,#7063A9
720575941513811532,76071705571088927,DNbe006,descending,DNbe006,right,DN_15,#5AB5DD
720575941454969395,76071705503976463,DNg56,descending,DNg56,right,DN_14,#54B0A6
720575941514608995,76353180547944234,DNg81,descending,DNg81,right,DN_23,#F07B35
720575941413642268,76282811804121476,DNg78,descending,DNg78,left,DN_21,#4CA854
720575941565694262,76001336760212616,DNge011,descending,DNge011,right,DN_23,#F07B35
720575941564475904,76282811736555922,DNg59,descending,DNg59,right,DN_23,#F07B35
720575941482817466,76142074315119580,DNp65,descending,DNp65,right,DN_19,#658FC8
720575941523106295,75930968015387981,DNg14,descending,DNg14,left,DN_13,#764D99
720575941438957653,76001336759902363,DNp56,descending,DNp56,right,DN_11,#4FAA6F
720575941555492947,76353180480395425,DNge060,descending,DNge060,left,DN_07,#6A79B8
720575941508471824,75930968082712469,DNg81,descending,DNg81,left,DN_23,#F07B35
720575941578547801,76212442992564202,DNg56,descending,DNg56,left,DN_14,#54B0A6
720575941551618843,76212443059826326,DNpe024,descending,DNpe024,left,DN_15,#5AB5DD
720575941447888148,76001336759622580,DNg31,descending,DNg31,left,DN_08,#5FA5D8
720575941470195723,75788306583173343,DNae008,descending,DNae008,right,DN_10,#77AB44
720575941546446697,75930968082775727,DNg91,descending,DNg91,right,DN_06,#51AD8B
720575941655525844,76212443059713903,DNpe013,descending,DNpe013,right,DN_21,#4CA854
720575941496002503,76282811736522760,DNge082,descending,DNge082,right,DN_22,#D0B43E
720575941591285132,76212442924865026,DNge153,descending,DNge153,left,DN_12,#59A846
720575941690847963,76142074315239397,DNa14,descending,DNa14,left,DN_14,#54B0A6
720575941411189419,76142074315127784,DNpe037,descending,DNpe037,right,DN_18,#57B2C1
720575941390915222,76282811736588278,DNpe001,descending,DNpe001,left,DN_14,#54B0A6
720575941690940312,76071705571030200,DNpe039,descending,DNpe039,right,DN_14,#54B0A6
720575941471127104,76001336827139376,DNp53,descending,DNp53,left,DN_02,#B3B140
720575941447935764,76142074315175047,oviDNa_b,descending,oviDNa_b,right,DN_17,#7063A9
720575941502004107,76353180547783077,DNpe003,descending,DNpe003,left,DN_08,#5FA5D8
720575941514456569,76001336759622558,DNge146,descending,DNge146,right,DN_09,#7C378A
720575941429716321,76001336759616909,DNge055,descending,DNge055,right,DN_09,#7C378A
720575941611145830,76142074315133401,DNp46,descending,DNp46,left,DN_15,#5AB5DD
720575941531988965,76001336760236840,DNge027,descending,DNge027,left,DN_23,#F07B35
720575941539816061,76071705570941532,DNpe024,descending,DNpe024,right,DN_15,#5AB5DD
720575941534911832,76071705570946952,DNxn141,descending,DNxn141,left,DN_16,#F39B38
720575941470933824,76212442992281843,DNge133,descending,DNge133,left,DN_16,#F39B38
720575941438395967,76282811736547364,DNg65,descending,DNg65,left,DN_22,#D0B43E
720575941491126222,76142074315457052,DNg33,descending,DNg33,right,DN_19,#658FC8
720575941471885376,76001336827058258,DNpe013,descending,DNpe013,left,DN_21,#4CA854
720575941495055486,76001336759853451,DNpe001,descending,DNpe001,right,DN_14,#54B0A6
720575941441226943,76212443059603189,DNp53,descending,DNp53,right,DN_02,#B3B140
720575941732549163,76001336759695956,DNg59,descending,DNg59,left,DN_23,#F07B35
720575941400285475,76282811803996310,DNge125,descending,DNge125,right,DN_21,#4CA854
720575941618655615,76353180480576688,DNpe003,descending,DNpe003,left,DN_08,#5FA5D8
720575941449527477,76142074247966047,DNge131,descending,DNge131,left,DN_17,#7063A9
720575941437175084,76142074315048736,DNpe040,descending,DNpe040,left,DN_14,#54B0A6
720575941538336381,76212443059385214,DNg60,descending,DNg60,right,DN_08,#5FA5D8
720575941526772836,76282811736555938,DNg37,descending,DNg37,right,DN_09,#7C378A
720575941494960254,76071705504268144,DNg79,descending,DNg79,left,DN_03,#EF6B33
720575941644554184,76001336759687074,DNge065,descending,DNge065,right,DN_08,#5FA5D8
720575941558300452,76142074315203433,DNp36,descending,DNp36,right,DN_14,#54B0A6
720575941524363778,76001336826800998,DNp22,descending,DNp22,right,DN_02,#B3B140
720575941603791350,76353180480495746,DNg76,descending,DNg76,right,DN_21,#4CA854
720575941451941498,75930968082586932,DNp33,descending,DNp33,right,DN_05,#EE5B32
720575941548947745,76353180480407351,DNge055,descending,DNge055,left,DN_09,#7C378A
720575941510463760,76142074180682534,DNge153,descending,DNge153,right,DN_12,#59A846
720575941411212715,76353180480411290,DNg32,descending,DNg32,right,DN_06,#51AD8B
720575941480588162,76282811736585319,DNp56,descending,DNp56,left,DN_11,#4FAA6F
720575941569571186,76282811736558870,DNp71,descending,DNp71,left,DN_12,#59A846
720575941456180461,76001336760182939,DNg63,descending,DNg63,right,DN_08,#5FA5D8
720575941470584695,76282811803906667,DNp53,descending,DNp53,right,DN_02,#B3B140
720575941441615963,76282811736423190,DNpe007,descending,DNpe007,left,DN_16,#F39B38
720575941549211453,76142074315324629,DNp25,descending,DNp25,left,DN_19,#658FC8
720575941552073790,76212443059220645,DNg63,descending,DNg63,left,DN_08,#5FA5D8
720575941603785913,76353180547622277,DNge026,descending,DNge026,left,DN_21,#4CA854
720575941611115750,76001336759769375,DNge076,descending,DNge076,left,DN_23,#F07B35
720575941532304874,76353180480482464,DNge051,descending,DNge051,right,DN_09,#7C378A
720575941566165302,76212442992195697,DNg87,descending,DNg87,left,DN_16,#F39B38
720575941574878351,75930968083013974,DNge002,descending,DNge002,right,DN_21,#4CA854
720575941515922169,75930968015462264,DNpe003,descending,DNpe003,right,DN_08,#5FA5D8
720575941526723940,76142074315245050,DNp65,descending,DNp65,left,DN_19,#658FC8
720575941560435059,76071705503729338,DNge133,descending,DNge133,right,DN_16,#F39B38
720575941556195300,76212442924878699,DNde001,descending,DNde001,left,DN_22,#D0B43E
720575941399099427,76353180480440086,DNfl033,descending,DNfl033,right,DN_07,#6A79B8
720575941471139191,76071705504214539,DNpe028,descending,DNpe028,right,DN_14,#54B0A6
720575941496004475,76353180480370891,DNp58,descending,DNp58,right,DN_19,#658FC8
720575941602840510,75859637265932845,CvN2,descending,CvN2,right,DN_20,#EEB73C
720575941528375172,76353180547711708,DNge027,descending,DNge027,right,DN_23,#F07B35
720575941469716445,76001336759838254,DNg48,descending,DNg48,left,DN_07,#6A79B8
720575941511344338,76001336759702084,DNge056,descending,DNge056,left,DN_07,#6A79B8
720575941445677332,75930968082885977,DNge060,descending,DNge060,right,DN_07,#6A79B8
720575941499747490,76071705570887549,DNpe040,descending,DNpe040,right,DN_14,#54B0A6
720575941565497495,76142074315259119,DNge127,descending,DNge127,right,DN_11,#4FAA6F
720575941550050932,76423549291635416,DNc02,descending,DNc02,midline,DN_19,#658FC8
720575941503549931,76282811803854694,DNg71,descending,DNg71,right,DN_06,#51AD8B
720575941456506015,76282811736237812,DNg23,descending,DNg23,right,DN_07,#6A79B8
720575941495266247,76001336759695963,DNge067,descending,DNge067,right,DN_09,#7C378A
720575941494993790,76001336759650026,DNg44,descending,DNg44,right,DN_08,#5FA5D8
720575941514447097,76353180547742998,DNge033,descending,DNge033,right,DN_21,#4CA854
720575941452030330,76071705571003670,oviDNa_b,descending,oviDNa_b,left,DN_17,#7063A9
720575941502628695,76001336827036137,DNp15,descending,DNp15,right,DN_20,#EEB73C
720575941466873878,75930968083011131,DNge143,descending,DNge143,left,DN_21,#4CA854
720575941642129528,77196368326309345,CvN3,descending,CvN3,left,DN_20,#EEB73C
720575941475366715,76282811736497128,DNp67,descending,DNp67,right,DN_12,#59A846
720575941488845287,76353180480460892,DNg44,descending,DNg44,left,DN_08,#5FA5D8
720575941691031704,76282811736550063,DNg48,descending,DNg48,right,DN_07,#6A79B8
720575941480587394,75930968015582764,DNge013,descending,DNge013,right,DN_11,#4FAA6F
720575941467453462,76353180480454630,DNge065,descending,DNge065,left,DN_08,#5FA5D8
720575941607634285,76071705571019726,oviDNa_b,descending,oviDNa_b,left,DN_17,#7063A9
720575941567199790,76212442992611629,DNge101,descending,DNge101,right,DN_08,#5FA5D8
720575941564438935,76353180548103598,DNge004,descending,DNge004,left,DN_13,#764D99
720575941490687177,76001336759719809,DNge082,descending,DNge082,left,DN_22,#D0B43E
720575941513981433,76353180547644931,DNg26,descending,DNg26,right,DN_04,#95AE42
720575941589853950,76423549291625013,DNg26,descending,DNg26,right,DN_04,#95AE42
720575941514053699,76212442992781090,DNpe028,descending,DNpe028,left,DN_14,#54B0A6
720575941526954424,75155812184087904,CvN1-3,descending,CvN1-3,right,DN_20,#EEB73C
720575941622775292,76001336759587668,DNge173,descending,DNge173,right,DN_08,#5FA5D8
720575941534222770,76282811803819831,DNp15,descending,DNp15,left,DN_20,#EEB73C
720575941576064438,76142074247996194,DNge121,descending,DNge121,right,DN_16,#F39B38
720575941557413284,76282811804087706,DNge030,descending,DNge030,left,DN_03,#EF6B33
720575941518794668,76001336827239443,DNge106,descending,DNge106,right,DN_09,#7C378A
720575941459415878,76142074315075586,DNp36,descending,DNp36,left,DN_14,#54B0A6
720575941433415200,76071705504119745,DNp60,descending,DNp60,left,DN_12,#59A846
720575941573971855,76001336827081255,DNp22,descending,DNp22,right,DN_02,#B3B140
720575941651863829,76142074315130493,oviDNa_a,descending,oviDNa_a,left,DN_17,#7063A9
720575941450728314,76353180480471845,DNge067,descending,DNge067,left,DN_09,#7C378A
720575941507904641,76071705504105220,DNp37,descending,DNp37,right,DN_12,#59A846
720575941613418716,75930968083054000,DNge125,descending,DNge125,left,DN_21,#4CA854
720575941623911562,76071705504363601,DNg60,descending,DNg60,left,DN_08,#5FA5D8
720575941556990735,76353180480440089,DNge146,descending,DNge146,left,DN_09,#7C378A
720575941526992153,76142074248279080,DNpe049,descending,DNpe049,right,DN_16,#F39B38
720575941723188026,76282811736555925,DNge062,descending,DNge062,right,DN_09,#7C378A
720575941597457564,76422861828526134,ventral_longitudinal_2 CvN4,descending,ventral_longitudinal_2 CvN4,left,DN_20,#EEB73C
720575941453830637,76071705570946942,DNge123,descending,DNge123,left,DN_08,#5FA5D8
720575941644480200,75930968015441408,DNge051,descending,DNge051,left,DN_09,#7C378A
720575941555196929,76212443059532300,DNge123,descending,DNge123,right,DN_08,#5FA5D8
720575941639588127,76353180547824480,DNp33,descending,DNp33,left,DN_05,#EE5B32
720575941645135265,76001336759642051,DNde002,descending,DNde002,right,DN_08,#5FA5D8
720575941512496716,76001336759542531,DNde007,descending,DNde007,midline,DN_08,#5FA5D8
720575941536301288,76282811736745253,DNb02,descending,DNb02,right,DN_20,#EEB73C
720575941575445647,75930968015307632,DNg32,descending,DNg32,left,DN_06,#51AD8B
720575941407602479,75930968015524906,DNge022,descending,DNge022,left,DN_23,#F07B35
720575941581648761,76001336759567758,DNg54,descending,DNg54,left,DN_07,#6A79B8
720575941532176613,76142074315310411,DNpe035,descending,DNpe035,right,DN_19,#658FC8
720575941628867042,76001336827270788,DNg04,descending,DNg04,right,DN_06,#51AD8B
720575941508492417,76001336826792249,DNg71,descending,DNg71,left,DN_06,#51AD8B
720575941644578209,76353180547865646,DNg95,descending,DNg95,left,DN_04,#95AE42
720575941640075551,76001336759722980,DNge062,descending,DNge062,left,DN_09,#7C378A
720575941477013825,76282811804001770,DNg04,descending,DNg04,left,DN_06,#51AD8B
720575941542733573,76353180480448212,DNde003,descending,DNde003,left,DN_10,#77AB44
720575941522330871,76071705504337132,DNb02,descending,DNb02,left,DN_20,#EEB73C
720575941404748144,76282811803980637,DNge106,descending,DNge106,left,DN_09,#7C378A
720575941480251872,76001336759792699,DNg38,descending,DNg38,right,DN_09,#7C378A
720575941631060972,76001336759644702,DNg65,descending,DNg65,right,DN_22,#D0B43E
720575941447790356,75930968015439376,DNpe003,descending,DNpe003,right,DN_08,#5FA5D8
720575941543678213,76353180480471844,DNg17,descending,DNg17,right,DN_23,#F07B35
720575941548494113,76844799617665777,CvN7,descending,CvN7,left,DN_20,#EEB73C
720575941663518844,75930968015460225,DNge033,descending,DNge033,left,DN_21,#4CA854
720575941534435338,76282811803860261,DNp22,descending,DNp22,left,DN_02,#B3B140
720575941535000291,76282811804047556,DNg04,descending,DNg04,left,DN_06,#51AD8B
720575941688516364,76071705504231317,DNb02,descending,DNb02,left,DN_20,#EEB73C
720575941392371716,76142074315147303,DNp46,descending,DNp46,right,DN_15,#5AB5DD
720575941628231138,75930968015512449,DNg52,descending,DNg52,right,DN_12,#59A846
720575941450555214,76142074248246597,DNpe052,descending,DNpe052,left,DN_17,#7063A9
720575941614580437,76142074315048775,DNp24,descending,DNp24,right,DN_18,#57B2C1
720575941524522340,75155812184289601,CvN1-3,descending,CvN1-3,right,DN_20,#EEB73C
720575941468213725,76142074315070137,DNpe037,descending,DNpe037,left,DN_18,#57B2C1
720575941519246296,76001336759749461,DNge080,descending,DNge080,left,DN_09,#7C378A
720575941514358675,76212443059359870,DNg51,descending,DNg51,right,DN_05,#EE5B32
720575941632167611,76353180547642069,DNg73,descending,DNg73,right,DN_24,#F28B37
720575941574724361,76071705503773479,DNg23,descending,DNg23,left,DN_07,#6A79B8
720575941505415484,76282811736488305,DNde003,descending,DNde003,left,DN_10,#77AB44
720575941566487655,76001336759619774,DNge074,descending,DNge074,left,DN_12,#59A846
720575941447884820,76423549291629169,DNge013,descending,DNge013,left,DN_11,#4FAA6F
720575941574702184,76001336827207766,DNpe019,descending,DNpe019,right,DN_06,#51AD8B
720575941555504467,76071705571100118,DNge127,descending,DNge127,left,DN_11,#4FAA6F
720575941569105658,74944362219754743,DNge039,descending,DNge039,right,DN_23,#F07B35
720575941496697216,76001336827260068,DNp39,descending,DNp39,right,DN_08,#5FA5D8
720575941450595150,76001336759689994,DNde005,descending,DNde005,right,DN_08,#5FA5D8
720575941663480188,76001336759650048,DNge101,descending,DNge101,left,DN_08,#5FA5D8
720575941518404974,76142074315125050,DNpe039,descending,DNpe039,left,DN_14,#54B0A6
720575941528493700,76142074315344536,DNpe035,descending,DNpe035,left,DN_19,#658FC8
720575941553264211,77196368259241222,CvN1-3,descending,CvN1-3,left,DN_20,#EEB73C
720575941542867741,76212442992608747,DNp60,descending,DNp60,right,DN_12,#59A846
720575941428762249,75015005975921008,ventral_longitudinal_2 CvN4,descending,ventral_longitudinal_2 CvN4,right,DN_20,#EEB73C
720575941669801905,76353180480430350,DNg54,descending,DNg54,right,DN_07,#6A79B8
720575941564186007,76353180480557832,DNg52,descending,DNg52,left,DN_12,#59A846
720575941549951293,76353180547757520,DNge022,descending,DNge022,right,DN_23,#F07B35
720575941552017663,76282811736473920,DNge064,descending,DNge064,left,DN_13,#764D99
720575941408577327,76001336759731982,DNg62,descending,DNg62,left,DN_23,#F07B35
720575941428238255,75930968082434569,DNg26,descending,DNg26,left,DN_04,#95AE42
720575941612023142,76282811736567865,DNg38,descending,DNg38,left,DN_09,#7C378A
720575941548493857,77337105747338338,CvN1-3,descending,CvN1-3,left,DN_20,#EEB73C
720575941558807411,76353180547813532,DNge039,descending,DNge039,left,DN_23,#F07B35
720575941476852254,76282811736536479,DNg62,descending,DNg62,right,DN_23,#F07B35
720575941579777525,76353180480354691,DNde007,descending,DNde007,midline,DN_08,#5FA5D8
720575941624572042,75930968082894608,DNg61,descending,DNg61,right,DN_07,#6A79B8
720575941480797859,75930968082558795,DNge005,descending,DNge005,left,DN_19,#658FC8
720575941562404008,76212443059323421,DNge088,descending,DNge088,right,DN_02,#B3B140
720575941565285479,75930968015558786,DNge052,descending,DNge052,left,DN_12,#59A846
720575941601731769,76212443059538245,DNae006,descending,DNae006,left,DN_03,#EF6B33
720575941627163193,76142074248486536,CB0191,descending,CB0191,right,NA,NA
720575941602114494,76353180548142105,DNge070,descending,DNge070,right,DN_01,#F4AB3A
720575941438469676,76212442924925893,DNge121,descending,DNge121,left,DN_16,#F39B38
720575941431747086,75930968082508225,DNg73,descending,DNg73,left,DN_24,#F28B37
720575941670944935,77266737070187807,CvN1-3,descending,CvN1-3,left,DN_20,#EEB73C
720575941430069641,76001336826887453,DNge088,descending,DNge088,left,DN_02,#B3B140
720575941639763999,76001336760215644,DNg51,descending,DNg51,left,DN_05,#EE5B32
720575941554109668,76071705570864111,DNg51,descending,DNg51,left,DN_05,#EE5B32
720575941473558314,75930968082595169,DNge001,descending,DNge001,right,DN_23,#F07B35
720575941505242789,75930968015504452,DNg52,descending,DNg52,right,DN_12,#59A846
720575941540291789,76282811736519912,DNge074,descending,DNge074,right,DN_12,#59A846
720575941658613784,76353180547780268,DNge172,descending,DNge172,right,DN_19,#658FC8
720575941480917187,75930968015281173,DNge069,descending,DNge069,right,DN_09,#7C378A
720575941495998843,76353180547879703,DNg41,descending,DNg41,right,DN_20,#EEB73C
720575941525838617,76282811736158594,NA,descending,NA,left,NA,NA
720575941660948348,76212442992533407,DNg40,descending,DNg40,right,DN_14,#54B0A6
720575941629138470,76071705571138965,DNae004,descending,DNae004,right,DN_06,#51AD8B
720575941480490882,75930968082789571,DNge105,descending,DNge105,right,DN_09,#7C378A
720575941530152907,76212442992176005,DNx01,descending,DNx01,left,DN_14,#54B0A6
720575941474677825,76353180548016964,DNg89,descending,DNg89,right,DN_21,#4CA854
720575941484318605,76282811804059637,DNut053,descending,DNut053,left,NA,NA
720575941609437613,75859705918680392,CvN6,descending,CvN6,right,DN_20,#EEB73C
720575941631642860,76212443059592037,DNae004,descending,DNae004,left,DN_06,#51AD8B
720575941529824440,76142074315155692,DNpe034,descending,DNpe034,right,DN_18,#57B2C1
720575941390623382,75930968083101983,DNp20,descending,DNp20,right,DN_01,#F4AB3A
720575941432255959,76423549224498258,DNge052,descending,DNge052,right,DN_12,#59A846
720575941544264965,76001336827112191,DNpe014,descending,DNpe014,right,DN_05,#EE5B32
720575941590551592,76353180480370886,DNg107,descending,DNg107,right,DN_09,#7C378A
720575941481888707,75999481266724688,DNpe033,descending,DNpe033,right,DN_19,#658FC8
720575941453931059,76212443059287662,DNg42,descending,DNg42,right,DN_06,#51AD8B
720575941477590337,76001336759865359,DNp67,descending,DNp67,left,DN_12,#59A846
720575941411471983,75930968083088098,DNge030,descending,DNge030,right,DN_03,#EF6B33
720575941508147746,75155812251073466,CvN5,descending,CvN5,right,DN_20,#EEB73C
720575941691021720,76353180547979937,DNge018,descending,DNge018,right,DN_20,#EEB73C
720575941566180199,75930968082681196,DNge018,descending,DNge018,left,DN_20,#EEB73C
720575941687914223,76282811736631831,DNp37,descending,DNp37,left,DN_12,#59A846
720575941452756807,76001336759819957,DNge078,descending,DNge078,left,DN_23,#F07B35
720575941503769650,76353180480560528,DNg52,descending,DNg52,left,DN_12,#59A846
720575941564504832,76353180480471807,DNge077,descending,DNge077,right,DN_08,#5FA5D8
720575941598368924,76282811736508647,DNge174,descending,DNge174,left,DN_08,#5FA5D8
720575941645080481,76142074315437312,DNge137,descending,DNge137,left,DN_18,#57B2C1
720575941506196247,76353180548238043,DNp20,descending,DNp20,left,DN_01,#F4AB3A
720575941530295013,75930968082991019,DNge086,descending,DNge086,left,DN_20,#EEB73C
720575941543242757,76212442992735983,DNge096,descending,DNge096,right,DN_07,#6A79B8
720575941593505387,76353180548025849,DNge086,descending,DNge086,right,DN_20,#EEB73C
720575941666660595,76001336827001936,DNpe014,descending,DNpe014,right,DN_05,#EE5B32
720575941441178559,76142074315206462,DNpe046,descending,DNpe046,right,DN_17,#7063A9
720575941589986359,76071705504270938,DNge128,descending,DNge128,right,DN_09,#7C378A
720575941507062807,76001336759698938,DNg19,descending,DNg19,left,DN_11,#4FAA6F
720575941524167755,76071705570979167,DNpe047,descending,DNpe047,left,DN_18,#57B2C1
720575941534129330,75506693698000538,DNx01,descending,DNx01,right,DN_14,#54B0A6
720575941480780451,75930968015349873,DNg50,descending,DNg50,left,DN_04,#95AE42
720575941507049239,76071705504287493,DNge096,descending,DNge096,left,DN_07,#6A79B8
720575941559144174,75930968015378286,DNg76,descending,DNg76,left,DN_21,#4CA854
720575941652300561,76142074315344548,DNa07,descending,DNa07,left,DN_06,#51AD8B
720575941688250998,76282811736561840,DNg47,descending,DNg47,right,DN_08,#5FA5D8
720575941651859477,75930968015648191,DNg26,descending,DNg26,left,DN_04,#95AE42
720575941523099127,76001336827377850,DNg05_a,descending,DNg05_a,right,DN_06,#51AD8B
720575941539792220,76211618358478065,CvN6,descending,CvN6,left,DN_20,#EEB73C
720575941441247423,75930968015431328,DNg17,descending,DNg17,left,DN_23,#F07B35
720575941533548522,76212443059075448,DNg51,descending,DNg51,right,DN_05,#EE5B32
720575941555674340,76001336760082199,DNg41,descending,DNg41,left,DN_20,#EEB73C
720575941615280537,76142074315177984,DNpe047,descending,DNpe047,right,DN_18,#57B2C1
720575941480513154,76282811736705488,DNg106,descending,DNg106,left,DN_05,#EE5B32
720575941564144530,76142074315150073,DNpe034,descending,DNpe034,left,DN_18,#57B2C1
720575941413629585,76353180480432220,DNge080,descending,DNge080,right,DN_09,#7C378A
720575941598158121,76353180548103557,DNge001,descending,DNge001,left,DN_23,#F07B35
720575941588500279,76282811736550101,DNge076,descending,DNge076,right,DN_23,#F07B35
720575941515074883,76212443059370893,DNp39,descending,DNp39,left,DN_08,#5FA5D8
720575941526676045,76353180480540079,DNg50,descending,DNg50,right,DN_04,#95AE42
720575941565477174,76001336759687035,DNde003,descending,DNde003,right,DN_10,#77AB44
720575941544483252,75930968082759390,CvN1-3,descending,CvN1-3,right,DN_20,#EEB73C
720575941596602048,76071705571067640,DNae006,descending,DNae006,right,DN_03,#EF6B33
720575941573800968,76423549291693379,DNg61,descending,DNg61,left,DN_07,#6A79B8
720575941534731608,75930968082903265,DNg58,descending,DNg58,right,DN_24,#F28B37
720575941515241465,76142074315195049,DNpe046,descending,DNpe046,left,DN_17,#7063A9
720575941433031182,76071705436510595,DNge102,descending,DNge102,right,DN_15,#5AB5DD
720575941572414622,76001336827013808,DNpe019,descending,DNpe019,right,DN_06,#51AD8B
720575941493947006,76353180480480297,DNg46,descending,DNg46,right,DN_02,#B3B140
720575941515250522,76212443059630191,DNpe019,descending,DNpe019,left,DN_06,#51AD8B
720575941690766555,76071705504158257,DNge120,descending,DNge120,left,DN_15,#5AB5DD
720575941516800147,76353180548122689,DNge002,descending,DNge002,left,DN_21,#4CA854
720575941494853319,76071705504345017,DNb03,descending,DNb03,right,DN_20,#EEB73C
720575941507079703,76001336759792672,DNge064,descending,DNge064,right,DN_13,#764D99
720575941603720633,76212442924890879,DNg20,descending,DNg20,right,DN_22,#D0B43E
720575941551203646,76282811803526433,DNpe004,descending,DNpe004,left,DN_05,#EE5B32
720575941457562694,75015074695473998,CvN3,descending,CvN3,right,DN_20,#EEB73C
720575941531735269,76353180480734788,DNg72,descending,DNg72,right,DN_07,#6A79B8
720575941596431749,76282811803980586,DNpe004,descending,DNpe004,left,DN_05,#EE5B32
720575941535097578,75930968082706850,DNge012,descending,DNge012,right,DN_23,#F07B35
720575941485014338,75930968015427307,DNge012,descending,DNge012,NA,DN_23,#F07B35
720575941498488443,76212443059417219,DNpe019,descending,DNpe019,left,DN_06,#51AD8B
720575941413798033,76001336759650044,DNg64,descending,DNg64,right,DN_10,#77AB44
720575941538895741,76212443059648471,DNpe014,descending,DNpe014,left,DN_05,#EE5B32
720575941461236932,76071705503882901,DNg67,descending,DNg67,left,DN_16,#F39B38
720575941470254400,76212443059295890,DNa08,descending,DNa08,left,DN_04,#95AE42
720575941477326900,76353180480444202,DNg19,descending,DNg19,right,DN_11,#4FAA6F
720575941433654048,76001336827320244,DNge175,descending,DNge175,right,DN_06,#51AD8B
720575941575725928,76071705504062844,DNge130,descending,DNge130,left,DN_14,#54B0A6
720575941505767970,76071705436567088,DNg20,descending,DNg20,left,DN_22,#D0B43E
720575941678731197,76071705571006517,DNpe044,descending,DNpe044,left,DN_18,#57B2C1
720575941524210763,76001336759763910,DNg47,descending,DNg47,left,DN_08,#5FA5D8
720575941563171847,76353180547902124,DNge011,descending,DNge011,left,DN_23,#F07B35
720575941566764794,76282811736688579,DNg106,descending,DNg106,left,DN_05,#EE5B32
720575941451808583,76212442992660015,DNg64,descending,DNg64,left,DN_10,#77AB44
720575941415601692,76071705504454979,DNg42,descending,DNg42,left,DN_06,#51AD8B
720575941565091847,76071705504163834,DNge147,descending,DNge147,right,DN_08,#5FA5D8
720575941455715053,75859293064515047,CB0004,descending,CB0004,right,DN_21,#4CA854
720575941581721977,76212442992558882,DNg21,descending,DNg21,right,DN_23,#F07B35
720575941650178289,76212442992594241,DNg45,descending,DNg45,right,DN_12,#59A846
720575941506310821,76282811804015652,DNge175,descending,DNge175,left,DN_06,#51AD8B
720575941514963811,76492474256008533,CB0004,descending,CB0004,left,DN_21,#4CA854
720575941464557142,76212442992617493,DNge096,descending,DNge096,right,DN_07,#6A79B8
720575941513203665,76001336826809789,DNp41,descending,DNp41,right,DN_05,#EE5B32
720575941690964888,76212443059580409,DNpe014,descending,DNpe014,left,DN_05,#EE5B32
720575941468578571,76142074315233590,DNp24,descending,DNp24,left,DN_18,#57B2C1
720575941515579747,76353180548067548,DNge060,descending,DNge060,left,DN_07,#6A79B8
720575941626282634,76353180480595098,DNge034,descending,DNge034,right,DN_08,#5FA5D8
720575941532803160,75930968082718044,DNge144,descending,DNge144,right,DN_13,#764D99
720575941690788827,76001336759650023,DNge058,descending,DNge058,left,DN_08,#5FA5D8
720575941562059176,76001336827333067,DNg01,descending,DNg01,right,DN_06,#51AD8B
720575941663485564,76282811736494246,DNge078,descending,DNge078,right,DN_23,#F07B35
720575941481381117,76001336759778354,DNg45,descending,DNg45,left,DN_12,#59A846
720575941607564909,75930968015330851,DNge100,descending,DNge100,left,DN_09,#7C378A
720575941543684357,75930968015491611,DNg94,descending,DNg94,left,DN_02,#B3B140
720575941572407710,76353180547868495,DNge005,descending,DNge005,right,DN_19,#658FC8
720575941514787907,76282811736447264,DNge068,descending,DNge068,left,DN_07,#6A79B8
720575941632594592,76071705570944212,DNa07,descending,DNa07,right,DN_06,#51AD8B
720575941557388708,76212442992759346,DNb03,descending,DNb03,left,DN_20,#EEB73C
720575941630522850,76282811736505721,DNge069,descending,DNge069,left,DN_09,#7C378A
720575941496731042,76353180480574061,DNg72,descending,DNg72,right,DN_07,#6A79B8
720575941644058706,76142074315111629,DNpe044,descending,DNpe044,right,DN_18,#57B2C1
720575941573620744,76212442992744826,DNx02,descending,DNx02,left,DN_01,#F4AB3A
720575941507065111,76001336760308752,DNge145,descending,DNge145,left,DN_05,#EE5B32
720575941523790925,76071705504248176,DNg106,descending,DNg106,right,DN_05,#EE5B32
720575941477298996,76423549291605276,DNge144,descending,DNge144,left,DN_13,#764D99
720575941508147234,75647980673257515,CB0918,descending,CB0918,right,DN_20,#EEB73C
720575941563391383,76282811804012816,DNg82,descending,DNg82,left,DN_06,#51AD8B
720575941514817529,75930968015527043,DNg72,descending,DNg72,left,DN_07,#6A79B8
720575941602854841,76001336692331874,DNge081,descending,DNge081,right,DN_08,#5FA5D8
720575941408170799,76282811736382267,DNge102,descending,DNge102,left,DN_15,#5AB5DD
720575941474665514,76282811736719453,DNg106,descending,DNg106,left,DN_05,#EE5B32
720575941631315616,76212442992671937,DNge128,descending,DNge128,left,DN_09,#7C378A
720575941549506932,76071705504292900,DNb03,descending,DNb03,right,DN_20,#EEB73C
720575941435997984,76985193172359613,DNge034,descending,DNge034,left,DN_08,#5FA5D8
720575941399042851,76001336759552743,DNge077,descending,DNge077,left,DN_08,#5FA5D8
720575941627484454,76071705504425976,DNge145,descending,DNge145,left,DN_05,#EE5B32
720575941520735411,76001336759755356,DNge096,descending,DNge096,left,DN_07,#6A79B8
720575941575525992,76001336759647388,DNge068,descending,DNge068,right,DN_07,#6A79B8
720575941680648893,75930968082532930,DNge019,descending,DNge019,right,DN_23,#F07B35
720575941503528171,76001336827409361,DNg02_h,descending,DNg02_h,right,DN_04,#95AE42
720575941469757405,76071705504306389,DNg106,descending,DNg106,right,DN_05,#EE5B32
720575941574230523,76282811804053504,DNg02_d,descending,DNg02_d,left,DN_04,#95AE42
720575941412147345,76353180480476182,DNg94,descending,DNg94,right,DN_02,#B3B140
720575941523074295,76001336827125335,DNp16,descending,DNp16,right,DN_01,#F4AB3A
720575941492017790,77266737070100744,CvN1-3,descending,CvN1-3,left,DN_20,#EEB73C
720575941436095788,76282811870513734,DNge016,descending,DNge016,left,DN_03,#EF6B33
720575941521111223,76001336826718989,DNx02,descending,DNx02,right,DN_01,#F4AB3A
720575941513096012,75930968082928562,DNge070,descending,DNge070,left,DN_01,#F4AB3A
720575941533807082,76001336826915097,DNg11,descending,DNg11,left,DN_05,#EE5B32
720575941551515198,76142074315152786,DNpe033,descending,DNpe033,left,DN_19,#658FC8
720575941454869555,76001336759616940,DNg107,descending,DNg107,left,DN_09,#7C378A
720575941441974479,76282811870545606,DNg02_h,descending,DNg02_h,left,DN_04,#95AE42
720575941533506586,76282811736682800,DNg106,descending,DNg106,left,DN_05,#EE5B32
720575941504459458,76142074248066896,DNpe029,descending,DNpe029,right,DN_12,#59A846
720575941678242237,76282811804053520,DNg82,descending,DNg82,left,DN_06,#51AD8B
720575941545029225,76071705570997894,DNa08,descending,DNa08,right,DN_04,#95AE42
720575941654955737,76353180480421017,DNge058,descending,DNge058,right,DN_08,#5FA5D8
720575941565508759,76282811736349603,DNxl128,descending,DNxl128,left,DN_15,#5AB5DD
720575941536972018,76001336759886810,DNge045,descending,DNge045,right,DN_03,#EF6B33
720575941459905862,76071705504131087,DNg21,descending,DNg21,left,DN_23,#F07B35
720575941487659984,75930968083183154,DNge016,descending,DNge016,right,DN_03,#EF6B33
720575941609747430,75930968083230338,DNg05_b,descending,DNg05_b,right,DN_06,#51AD8B
720575941439567327,75930968082600726,DNge025,descending,DNge025,right,DN_23,#F07B35
720575941550401086,75930968082712480,DNge001,descending,DNge001,right,DN_23,#F07B35
720575941489083596,76001336827341714,DNg02_f,descending,DNg02_f,right,DN_04,#95AE42
720575941579616081,76282811803975486,DNp16,descending,DNp16,left,DN_01,#F4AB3A
720575941655117012,76282811803678077,DNg11,descending,DNg11,right,DN_05,#EE5B32
720575941438500370,76353180547979939,DNg58,descending,DNg58,left,DN_24,#F28B37
720575941624257532,76071705570917443,DNp41,descending,DNp41,right,DN_05,#EE5B32
720575941480054979,76001336826680750,DNg11,descending,DNg11,left,DN_05,#EE5B32
720575941602751934,75226180861291258,CvN1-3,descending,CvN1-3,right,DN_20,#EEB73C
720575941527644600,76142074248319714,DNg57,descending,DNg57,left,DN_16,#F39B38
720575941523079671,76071705504214561,DNg106,descending,DNg106,right,DN_05,#EE5B32
720575941590576424,76282811736733759,DNge091,descending,DNge091,right,DN_05,#EE5B32
720575941612374425,76353180480417268,DNge173,descending,DNge173,left,DN_08,#5FA5D8
720575941505410876,76001336759752459,DNge057,descending,DNge057,left,DN_07,#6A79B8
720575941611847142,76001336827358909,DNpe004,descending,DNpe004,right,DN_05,#EE5B32
720575941604585662,75577749704156034,DNg106,descending,DNg106,right,DN_05,#EE5B32
720575941468982795,75718418070033182,DNg106,descending,DNg106,right,DN_05,#EE5B32
720575941564402023,76001336760265697,DNg09,descending,DNg09,left,DN_20,#EEB73C
720575941495918665,76282811736682772,DNg106,descending,DNg106,left,DN_05,#EE5B32
720575941687421302,76001336760197696,DNg09,descending,DNg09,left,DN_20,#EEB73C
720575941584708486,76001336826680777,DNge113,descending,DNge113,left,DN_20,#EEB73C
720575941534892376,76282811736519942,DNge147,descending,DNge147,left,DN_08,#5FA5D8
720575941479563650,76212442992674874,DNge120,descending,DNge120,right,DN_15,#5AB5DD
720575941701672666,76282811736631813,DNge097,descending,DNge097,right,DN_02,#B3B140
720575941553985875,76282811870542801,DNg02_h,descending,DNg02_h,left,DN_04,#95AE42
720575941483554189,76282811804050490,DNge175,descending,DNge175,left,DN_06,#51AD8B
720575941442861482,76071705570901449,DNge113,descending,DNge113,left,DN_20,#EEB73C
720575941515134275,76001336826727738,DNx02,descending,DNx02,right,DN_01,#F4AB3A
720575941439029951,76282811870548696,DNg02_b,descending,DNg02_b,left,DN_04,#95AE42
720575941640419103,76353180547871228,DNge019,descending,DNge019,left,DN_23,#F07B35
720575941428164233,76001336759585161,DNge174,descending,DNge174,right,DN_08,#5FA5D8
720575941721640506,76001336759911267,DNg46,descending,DNg46,left,DN_02,#B3B140
720575941566232886,76353180547854807,DNge001,descending,DNge001,left,DN_23,#F07B35
720575941529744869,76212442992712464,DNg106,descending,DNg106,left,DN_05,#EE5B32
720575941350890544,75930418192571296,DNge110,descending,DNge110,left,DN_05,#EE5B32
720575941681032125,76001336827347852,DNg02_d,descending,DNg02_d,right,DN_04,#95AE42
720575941575807592,76212442992420079,DNge130,descending,DNge130,right,DN_14,#54B0A6
720575941505673566,76001336893829999,DNg82,descending,DNg82,right,DN_06,#51AD8B
720575941501989259,76001336893805710,DNg110,descending,DNg110,right,DN_03,#EF6B33
720575941545781948,76282811804012831,DNge105,descending,DNge105,left,DN_09,#7C378A
720575941568835834,76212442992797910,DNx02,descending,DNx02,left,DN_01,#F4AB3A
720575941400820515,76282811804063255,DNg110,descending,DNg110,left,DN_03,#EF6B33
720575941493928064,75930968082770380,NA,descending,NA,right,NA,NA
720575941508500609,76282811736318081,DNge081,descending,DNge081,left,DN_08,#5FA5D8
720575941623748042,76282811870573861,DNg02_f,descending,DNg02_f,left,DN_04,#95AE42
720575941503461867,76353180547885188,NA,descending,NA,left,NA,NA
720575941441643867,75930968083167187,DNg02_g,descending,DNg02_g,right,DN_04,#95AE42
720575941656710736,76282811736646145,DNge091,descending,DNge091,right,DN_05,#EE5B32
720575941590435070,76001336760067126,DNpe010,descending,DNpe010,right,DN_04,#95AE42
720575941448922717,76212443059295859,DNg11,descending,DNg11,right,DN_05,#EE5B32
720575941477736066,75930968083212643,DNg92_a,descending,DNg92_a,right,DN_03,#EF6B33
720575941480503426,76212442992798398,DNb03,descending,DNb03,left,DN_20,#EEB73C
720575941494986951,75930968083132662,DNg02_c,descending,DNg02_c,right,DN_04,#95AE42
720575941615259289,75930968082547229,DNge025,descending,DNge025,right,DN_23,#F07B35
720575941514949881,76353180548042385,DNge072,descending,DNge072,right,DN_20,#EEB73C
720575941469678557,76212443059276838,DNge113,descending,DNge113,right,DN_20,#EEB73C
720575941536778389,76282811870581798,DNg01,descending,DNg01,left,DN_06,#51AD8B
720575941513772179,76282811736750917,DNge091,descending,DNge091,right,DN_05,#EE5B32
720575941559104813,76282811870529761,DNg02_a,descending,DNg02_a,left,DN_04,#95AE42
720575941447838996,76001336759929009,DNge097,descending,DNge097,left,DN_02,#B3B140
720575941429311841,75577680917670971,DNg08_b,descending,DNg08_b,right,DN_05,#EE5B32
720575941470236023,76142074315150115,DNpe041,descending,DNpe041,right,DN_18,#57B2C1
720575941428365193,75930968082731800,DNnt013,descending,DNnt013,right,DN_24,#F28B37
720575941468862583,76071705504270950,DNge091,descending,DNge091,left,DN_05,#EE5B32
720575941723220282,76212442924883571,DNpe029,descending,DNpe029,left,DN_12,#59A846
720575941441162191,76001336760191815,DNg36_a,descending,DNg36_a,left,DN_02,#B3B140
720575941460757715,76001336826912277,DNpe011,descending,DNpe011,right,DN_05,#EE5B32
720575941549172769,76282811803929143,DNp16,descending,DNp16,left,DN_01,#F4AB3A
720575941623407050,76212443059246342,DNg09,descending,DNg09,right,DN_20,#EEB73C
720575941628349990,76353180547807950,DNge029,descending,DNge029,right,DN_23,#F07B35
720575941662495356,76212443059213936,DNg07,descending,DNg07,right,DN_05,#EE5B32
720575941668465319,76212443059298713,DNge091,descending,DNge091,right,DN_05,#EE5B32
720575941485989773,76001336759684222,DNde003,descending,DNde003,right,DN_10,#77AB44
720575941484951362,76142074315144537,DNpe041,descending,DNpe041,left,DN_18,#57B2C1
720575941485358733,76282811736679753,DNge091,descending,DNge091,right,DN_05,#EE5B32
720575941652156657,76212443059780586,DNp41,descending,DNp41,left,DN_05,#EE5B32
720575941668914609,76212443059293056,DNge145,descending,DNge145,right,DN_05,#EE5B32
720575941476250164,76353180480489025,DNge045,descending,DNge045,left,DN_03,#EF6B33
720575941651139349,76282811870361995,DNg92_a,descending,DNg92_a,left,DN_03,#EF6B33
720575941564288263,76422243018012042,VCvN,descending,VCvN,left,DN_20,#EEB73C
720575941562694039,76212443059853519,DNge134,descending,DNge134,left,DN_10,#77AB44
720575941513942106,76071705504259483,DNge091,descending,DNge091,left,DN_05,#EE5B32
720575941507243333,76353180480424728,DNge061,descending,DNge061,left,DN_12,#59A846
720575941473793322,76001336893799114,DNg02_a,descending,DNg02_a,right,DN_04,#95AE42
720575941546194364,76212443059237830,DNge145,descending,DNge145,right,DN_05,#EE5B32
720575941454260275,75788786881298262,DNg106,descending,DNg106,right,DN_05,#EE5B32
720575941496391035,76282811736660056,DNg106,descending,DNg106,left,DN_05,#EE5B32
720575941574375272,76001336760096537,DNge091,descending,DNge091,left,DN_05,#EE5B32
720575941583462110,76282811736809351,DNge110,descending,DNge110,right,DN_05,#EE5B32
720575941490535600,76353180547835696,DNpe010,descending,DNpe010,left,DN_04,#95AE42
720575941482058179,76212443059394313,DNge091,descending,DNge091,right,DN_05,#EE5B32
720575941501552983,76001336827477179,DNg02_g,descending,DNg02_g,right,DN_04,#95AE42
720575941609235302,76001336760120325,DNge091,descending,DNge091,left,DN_05,#EE5B32
720575941547579709,76212443059295847,DNg09,descending,DNg09,right,DN_20,#EEB73C
720575941529830840,76353180547821731,DNge025,descending,DNge025,left,DN_23,#F07B35
720575941433030414,75930968015622689,DNge025,descending,DNge025,right,DN_23,#F07B35
720575941474608170,76212442992114963,DNpe029,descending,DNpe029,left,DN_12,#59A846
720575941562036743,76001336827249868,DNpe004,descending,DNpe004,right,DN_05,#EE5B32
720575941434874912,76282811870576621,DNg02,descending,DNg02,left,NA,NA
720575941612286428,76071705504375112,DNge091,descending,DNge091,left,DN_05,#EE5B32
720575941604695405,76071705504234078,DNg08_a,descending,DNg08_a,right,DN_05,#EE5B32
720575941436052768,75930968083113346,DNg05_b,descending,DNg05_b,right,DN_06,#51AD8B
720575941537820658,76282811736771001,DNge118,descending,DNge118,right,DN_05,#EE5B32
720575941630646432,76353180547907592,DNge019,descending,DNge019,left,DN_23,#F07B35
720575941516764819,76282811870362386,DNg02_b,descending,DNg02_b,left,DN_04,#95AE42
720575941407685423,76212442924885267,DNg83,descending,DNg83,right,DN_22,#D0B43E
720575941564410112,76282811804087312,DNg05_b,descending,DNg05_b,left,DN_06,#51AD8B
720575941453234345,76212443059440758,DNp41,descending,DNp41,left,DN_05,#EE5B32
720575941632002720,76282811870536810,DNg02_a,descending,DNg02_a,left,DN_04,#95AE42
720575941541726493,76071705504295440,DNg07,descending,DNg07,left,DN_05,#EE5B32
720575941433139598,75437493251633724,DNg06,descending,DNg06,right,DN_03,#EF6B33
720575941626967865,76282811736825087,DNge091,descending,DNge091,right,DN_05,#EE5B32
720575941482535366,76001336827330614,DNg01,descending,DNg01,right,DN_06,#51AD8B
720575941579793909,75930968082655417,DNge010,descending,DNge010,right,DN_12,#59A846
720575941577100277,75929868034187527,CB0918,descending,CB0918,right,DN_20,#EEB73C
720575941531918565,76212443059331757,DNge092,descending,DNge092,right,DN_01,#F4AB3A
720575941434224526,76282811736809062,DNge110,descending,DNge110,right,DN_05,#EE5B32
720575941562198440,76353180547910318,DNge025,descending,DNge025,left,DN_23,#F07B35
720575941471147127,76142074247921103,DNpe029,descending,DNpe029,right,DN_12,#59A846
720575941547763060,76353180480448252,DNge061,descending,DNge061,left,DN_12,#59A846
720575941652319705,75930968015612953,DNge019,descending,DNge019,right,DN_23,#F07B35
720575941700316378,76282811870533409,DNg02_c,descending,DNg02_c,left,DN_04,#95AE42
720575941550794751,76282811736770994,DNg36_a,descending,DNg36_a,right,DN_02,#B3B140
720575941526723609,76282811803954113,DNpe011,descending,DNpe011,left,DN_05,#EE5B32
720575941547473268,76353180547865721,DNg12_a,descending,DNg12_a,left,DN_24,#F28B37
720575941517695660,76001336826690130,DNge091,descending,DNge091,left,DN_05,#EE5B32
720575941500839147,76212443059227078,DNge111,descending,DNge111,right,DN_05,#EE5B32
720575941556199652,76212443059298717,DNge115,descending,DNge115,right,DN_01,#F4AB3A
720575941436259602,76282811870557433,DNge017,descending,DNge017,left,DN_06,#51AD8B
720575941390308246,76001336760067070,DNge118,descending,DNge118,left,DN_05,#EE5B32
720575941430630392,76001336760032765,DNge091,descending,DNge091,left,DN_05,#EE5B32
720575941654376916,75648049661908644,DNg106,descending,DNg106,right,DN_05,#EE5B32
720575941551414170,76282811736674127,DNg07,descending,DNg07,right,DN_05,#EE5B32
720575941651866901,76071705504337149,DNge118,descending,DNge118,left,DN_05,#EE5B32
720575941512837452,76212442992756258,DNg07,descending,DNg07,right,DN_05,#EE5B32
720575941476367937,76353180547997372,DNge019,descending,DNge019,left,DN_23,#F07B35
720575941518261932,75930968015650921,DNg12_e,descending,DNg12_e,right,DN_23,#F07B35
720575941661233976,76001336827223378,DNpe011,descending,DNpe011,right,DN_05,#EE5B32
720575941642966629,76071705504279383,DNg07,descending,DNg07,right,DN_05,#EE5B32
720575941592644054,76001336760072785,DNg07,descending,DNg07,left,DN_05,#EE5B32
720575941415224348,76071705570887481,DNge116,descending,DNge116,left,DN_01,#F4AB3A
720575941571871241,76001336760126143,DNg07,descending,DNg07,left,DN_05,#EE5B32
720575941606542701,76212443059237851,DNg07,descending,DNg07,right,DN_05,#EE5B32
720575941480704954,76212443059257441,DNg07,descending,DNg07,right,DN_05,#EE5B32
720575941667431345,76071705504303678,DNg08_a,descending,DNg08_a,right,DN_05,#EE5B32
720575941530080997,76282811736719494,DNg08_a,descending,DNg08_a,left,DN_05,#EE5B32
720575941438719967,76001336760141266,DNg11,descending,DNg11,left,DN_05,#EE5B32
720575941485562765,76001336759968147,DNge090,descending,DNge090,left,DN_05,#EE5B32
720575941592673494,76282811804056449,DNg92_b,descending,DNg92_b,left,DN_03,#EF6B33
720575941552863489,76282811804018395,DNg02_a,descending,DNg02_a,left,DN_04,#95AE42
720575941554694372,76282811736850500,DNg36_a,descending,DNg36_a,right,DN_02,#B3B140
720575941452016199,76212443059254602,DNge111,descending,DNge111,right,DN_05,#EE5B32
720575941579450745,75930968082569855,DNge020,descending,DNge020,right,DN_23,#F07B35
720575941587056183,76353180547994524,NA,descending,NA,left,NA,NA
720575941536326805,76353180547890764,DNg12_a,descending,DNg12_a,left,DN_24,#F28B37
720575941591761704,76282811870364422,DNg02_a,descending,DNg02_a,left,DN_04,#95AE42
720575941649976049,75930968015597579,DNge019,descending,DNge019,right,DN_23,#F07B35
720575941688674200,76001336760239592,DNge115,descending,DNge115,left,DN_01,#F4AB3A
720575941567187962,75930968083107512,DNg92_b,descending,DNg92_b,right,DN_03,#EF6B33
720575941437971541,75930968083143938,DNg01,descending,DNg01,right,DN_06,#51AD8B
720575941588123902,75930968015632576,DNg12_e,descending,DNg12_e,right,DN_23,#F07B35
720575941489195724,76353180547932693,NA,descending,NA,left,NA,NA
720575941511473996,76282811803413570,DNge091,descending,DNge091,right,DN_05,#EE5B32
720575941507409502,76001336826821665,DNge116,descending,DNge116,left,DN_01,#F4AB3A
720575941536432099,76001336827136640,DNpe012,descending,DNpe012,right,DN_05,#EE5B32
720575941473970747,76001336826657260,DNge116,descending,DNge116,left,DN_01,#F4AB3A
720575941513604442,76001336893778762,DNg110,descending,DNg110,right,DN_03,#EF6B33
720575941558189171,76071705504309150,DNg07,descending,DNg07,left,DN_05,#EE5B32
720575941571707131,76001336827347901,DNg110,descending,DNg110,right,DN_03,#EF6B33
720575941515238234,76001336760153223,DNg07,descending,DNg07,left,DN_05,#EE5B32
720575941626222218,76001336827226043,DNp16,descending,DNp16,right,DN_01,#F4AB3A
720575941518951091,76001336760188835,DNg36_a,descending,DNg36_a,left,DN_02,#B3B140
720575941546970292,76001336827038859,DNp16,descending,DNp16,right,DN_01,#F4AB3A
720575941506164037,76001336760096504,DNg46,descending,DNg46,left,DN_02,#B3B140
720575941513419619,76001336760050135,DNge118,descending,DNge118,left,DN_05,#EE5B32
720575941507724929,76001336826756622,DNge116,descending,DNge116,left,DN_01,#F4AB3A
720575941515411603,76001336760239591,DNge111,descending,DNge111,left,DN_05,#EE5B32
720575941559022381,76282811736783307,DNge118,descending,DNge118,right,DN_05,#EE5B32
720575941433235744,75930968082695609,DNg12_e,descending,DNg12_e,right,DN_23,#F07B35
720575941604982462,76071705504245327,DNg08_b,descending,DNg08_b,right,DN_05,#EE5B32
720575941480105039,75930968082652408,DNg12_e,descending,DNg12_e,right,DN_23,#F07B35
720575941557512307,75930968082678283,DNg12_a,descending,DNg12_a,right,DN_24,#F28B37
720575941445707284,76140219560850395,DNp28,descending,DNp28,right,DN_05,#EE5B32
720575941588369662,76212443059826216,DNg01,descending,DNg01,left,DN_06,#51AD8B
720575941602764985,76001336893778676,DNg02_g,descending,DNg02_g,right,DN_04,#95AE42
720575941595460764,76282811870362345,DNg110,descending,DNg110,left,DN_03,#EF6B33
720575941526676301,75930968083162816,DNge017,descending,DNge017,right,DN_06,#51AD8B
720575941490071605,76282811803931823,DNpe054,descending,DNpe054,left,DN_02,#B3B140
720575941572392201,76353180547838511,DNg12_a,descending,DNg12_a,left,DN_24,#F28B37
720575941661415224,76282811870504430,DNg03,descending,DNg03,left,DN_04,#95AE42
720575941609199718,76212443059246339,DNge091,descending,DNge091,right,DN_05,#EE5B32
720575941583758726,76282811870474997,DNg01,descending,DNg01,left,DN_06,#51AD8B
720575941486574598,76282811804056462,DNg02_g,descending,DNg02_g,left,DN_04,#95AE42
720575941451023482,75930968083053974,DNge009,descending,DNge009,right,DN_23,#F07B35
720575941546018184,76282811870557462,DNg02_b,descending,DNg02_b,left,DN_04,#95AE42
720575941545120361,76353180547783060,DNg12_e,descending,DNg12_e,left,DN_23,#F07B35
720575941652493524,75930968015645578,DNg12_e,descending,DNg12_e,right,DN_23,#F07B35
720575941526696804,76282811736850552,DNge095,descending,DNge095,right,DN_05,#EE5B32
720575941517301102,76282811736731033,DNg08_b,descending,DNg08_b,left,DN_05,#EE5B32
720575941574744329,76282811870363162,DNg02_a,descending,DNg02_a,left,DN_04,#95AE42
720575941562981522,76212442992709747,DNg08_a,descending,DNg08_a,left,DN_05,#EE5B32
720575941432295639,75930968083230146,DNg02_b,descending,DNg02_b,right,DN_04,#95AE42
720575941412623215,76353180547794349,NA,descending,NA,left,NA,NA
720575941401753635,76282811870557465,DNg06,descending,DNg06,left,DN_03,#EF6B33
720575941662982524,76071705504214565,NA,descending,NA,right,NA,NA
720575941643030945,76282811870539728,DNg92_b,descending,DNg92_b,left,DN_03,#EF6B33
720575941598492457,76282811804087481,DNg05_b,descending,DNg05_b,left,DN_06,#51AD8B
720575941401786403,76001336826847501,DNpe004,descending,DNpe004,right,DN_05,#EE5B32
720575941528846520,76142074180717638,DNxl071,descending,DNxl071,right,NA,NA
720575941611082826,76001336827390646,DNg03,descending,DNg03,right,DN_04,#95AE42
720575941438049621,76353180547871255,DNge019,descending,DNge019,left,DN_23,#F07B35
720575941563722038,76001336826733709,NA,descending,NA,left,NA,NA
720575941440899023,76282811804101495,DNg06,descending,DNg06,left,DN_03,#EF6B33
720575941554354259,76353180547802489,DNge019,descending,DNge019,left,DN_23,#F07B35
720575941587856951,76282811870581824,DNg02_f,descending,DNg02_f,left,DN_04,#95AE42
720575941526772646,76212443059274081,DNg07,descending,DNg07,right,DN_05,#EE5B32
720575941429866593,76001336759911265,DNge095,descending,DNge095,left,DN_05,#EE5B32
720575941564155904,76282811803912283,DNpe012,descending,DNpe012,left,DN_05,#EE5B32
720575941515687267,76282811803940236,DNpe012,descending,DNpe012,left,DN_05,#EE5B32
720575941513116762,76001336760191783,DNg07,descending,DNg07,left,DN_05,#EE5B32
720575941587985220,76001336893833066,NA,descending,NA,right,NA,NA
720575941446997012,76212442924896606,DNxl071,descending,DNxl071,left,NA,NA
720575941642868385,75930968015675059,DNg12_e,descending,DNg12_e,right,DN_23,#F07B35
720575941610718026,76282811803920686,DNp16,descending,DNp16,left,DN_01,#F4AB3A
720575941352057904,76001336826984143,DNpe054,descending,DNpe054,left,DN_02,#B3B140
720575941433116046,76001336827436390,DNg02_b,descending,DNg02_b,right,DN_04,#95AE42
720575941399032099,76001336760064248,DNg08_b,descending,DNg08_b,right,DN_05,#EE5B32
720575941549156980,76001336827390441,DNg02_b,descending,DNg02_b,right,DN_04,#95AE42
720575941643027538,75507380959749564,DNg08_b,descending,DNg08_b,right,DN_05,#EE5B32
720575941528849848,76071705504306388,DNg08_a,descending,DNg08_a,right,DN_05,#EE5B32
720575941685606668,76282811736660064,DNg08_a,descending,DNg08_a,left,DN_05,#EE5B32
720575941492697264,76144548686094623,DNp28,descending,DNp28,left,DN_05,#EE5B32
720575941559338767,76282811736770991,DNge090,descending,DNge090,right,DN_05,#EE5B32
720575941551093639,76353180547988764,DNg12_c,descending,DNg12_c,left,DN_24,#F28B37
720575941553551495,76001336760203617,DNg07,descending,DNg07,left,DN_05,#EE5B32
720575941688574360,76282811736762172,DNge118,descending,DNge118,right,DN_05,#EE5B32
720575941506628225,76071705504328563,DNge095,descending,DNge095,left,DN_05,#EE5B32
720575941586425412,75930968015666515,DNge019,descending,DNge019,right,DN_23,#F07B35
720575941489377737,76001336826833600,DNpe054,descending,DNpe054,right,DN_02,#B3B140
720575941563064071,75930968015645540,DNge020,descending,DNge020,right,DN_23,#F07B35
720575941454569523,76212443059698663,DNg18_b,descending,DNg18_b,right,DN_05,#EE5B32
720575941506318757,76282811736682814,DNg08_a,descending,DNg08_a,left,DN_05,#EE5B32
720575941665097203,76001336827278745,DNge134,descending,DNge134,right,DN_10,#77AB44
720575941680623805,75929593290403639,DNxl071,descending,DNxl071,right,NA,NA
720575941456064927,76282811736705493,DNg08_b,descending,DNg08_b,left,DN_05,#EE5B32
720575941506229889,76212442992721270,DNge089,descending,DNge089,right,DN_05,#EE5B32
720575941553522203,76212443059726304,DNp17,descending,DNp17,left,DN_02,#B3B140
720575941568946938,76212443059318069,DNg18_a,descending,DNg18_a,right,DN_05,#EE5B32
720575941505929506,75930968083162819,DNg02_c,descending,DNg02_c,right,DN_04,#95AE42
720575941639802655,76071705504242528,DNg08_a,descending,DNg08_a,right,DN_05,#EE5B32
720575941477006388,76282811803956889,DNpe012,descending,DNpe012,left,DN_05,#EE5B32
720575941535491043,76001336827338621,NA,descending,NA,right,NA,NA
720575941500700139,76282811870581767,DNg01,descending,DNg01,left,DN_06,#51AD8B
720575941730244651,75930968082669760,DNg12_e,descending,DNg12_e,right,DN_23,#F07B35
720575941548641085,76353180480448225,DNge057,descending,DNge057,right,DN_07,#6A79B8
720575941498444155,76282811804018399,DNg06,descending,DNg06,left,DN_03,#EF6B33
720575941399380515,75930968082434299,DNg12_e,descending,DNg12_e,right,DN_23,#F07B35
720575941624862154,76282811736702725,DNge093,descending,DNge093,right,DN_05,#EE5B32
720575941414491028,76001336692335843,DNxn165,descending,DNxn165,right,DN_15,#5AB5DD
720575941658621976,76001336826957721,DNpe054,descending,DNpe054,right,DN_02,#B3B140
720575941549490209,76001336893819958,DNg02_a,descending,DNg02_a,right,DN_04,#95AE42
720575941533584154,75930968082649680,DNg12_a,descending,DNg12_a,right,DN_24,#F28B37
720575941543962629,75930968083116161,DNg05_b,descending,DNg05_b,right,DN_06,#51AD8B
720575941456504560,76282811870560422,DNg03,descending,DNg03,left,DN_04,#95AE42
720575941559201262,76212443059209779,DNge094,descending,DNge094,right,DN_05,#EE5B32
720575941431005537,76212443059751002,PS225,descending,PS225,right,NA,NA
720575941614893013,75930968082748489,NA,descending,NA,right,NA,NA
720575941606629485,76282811736628902,SApp01,descending,SApp01,left,NA,NA
720575941411569300,75930968015625140,DNge019,descending,DNge019,right,DN_23,#F07B35
720575941612982169,76212443059213939,DNge094,descending,DNge094,right,DN_05,#EE5B32
720575941630049762,76001336759959170,DNge095,descending,DNge095,left,DN_05,#EE5B32
720575941426612564,76001336893829921,DNg02_a,descending,DNg02_a,right,DN_04,#95AE42
720575941591151500,76282811870475120,DNg02_f,descending,DNg02_f,left,DN_04,#95AE42
720575941469521216,76282811870513634,DNg03,descending,DNg03,left,DN_04,#95AE42
720575941626007195,76212443059265860,DNge116,descending,DNge116,right,DN_01,#F4AB3A
720575941595534981,76353180547799775,DNge025,descending,DNge025,left,DN_23,#F07B35
720575941578499673,76282811736771000,DNge118,descending,DNge118,right,DN_05,#EE5B32
720575941574467997,76001336826937766,DNpe054,descending,DNpe054,right,DN_02,#B3B140
720575941563334912,76001336826864860,DNp17,descending,DNp17,right,DN_02,#B3B140
720575941479441538,76001336759986228,DNp72,descending,DNp72,right,DN_02,#B3B140
720575941430513289,76001336826821666,DNg36_b,descending,DNg36_b,left,DN_02,#B3B140
720575941586901316,76001336759902403,DNg07,descending,DNg07,left,DN_05,#EE5B32
720575941588955703,76212443059463074,DNge117,descending,DNge117,right,DN_05,#EE5B32
720575941468787520,75930968015293201,DNge061,descending,DNge061,right,DN_12,#59A846
720575941391756548,76353180547737466,DNfl028,descending,DNfl028,left,NA,NA
720575941572941051,76001336760168681,DNge094,descending,DNge094,left,DN_05,#EE5B32
720575941500879703,76001336893778710,DNg110,descending,DNg110,right,DN_03,#EF6B33
720575941629386732,76353180547970826,DNge020,descending,DNge020,left,DN_23,#F07B35
720575941515840403,76212443059282290,DNge145,descending,DNge145,right,DN_05,#EE5B32
720575941553550471,76001336760153258,DNge111,descending,DNge111,left,DN_05,#EE5B32
720575941476398897,75718762137424048,DNge116,descending,DNge116,right,DN_01,#F4AB3A
720575941490863310,76282811803882159,DNp16,descending,DNp16,left,DN_01,#F4AB3A
720575941571453342,76071705504358374,DNge094,descending,DNge094,left,DN_05,#EE5B32
720575941517006296,76282811870361135,DNg03,descending,DNg03,left,DN_04,#95AE42
720575941571367432,76282811736682763,DNg08_b,descending,DNg08_b,left,DN_05,#EE5B32
720575941508261922,75930968082748445,DNg12_d,descending,DNg12_d,right,DN_24,#F28B37
720575941594497575,76001336826972208,DNpe054,descending,DNpe054,right,DN_02,#B3B140
720575941547718461,76001336827273459,DNg18_b,descending,DNg18_b,left,DN_05,#EE5B32
720575941573879291,76212443059271467,DNge116,descending,DNge116,right,DN_01,#F4AB3A
720575941700293082,75930968083127166,DNg06,descending,DNg06,right,DN_03,#EF6B33
720575941610213478,75930968083188671,DNg01,descending,DNg01,right,DN_06,#51AD8B
720575941491055820,76282811803898846,DNp17,descending,DNp17,left,DN_02,#B3B140
720575941431312225,76212443059746065,DNpe054,descending,DNpe054,left,DN_02,#B3B140
720575941503527147,75930968082623654,DNge025,descending,DNge025,right,DN_23,#F07B35
720575941625993371,76282811870539740,DNg06,descending,DNg06,left,DN_03,#EF6B33
720575941461435917,76353180547893699,DNg12_e,descending,DNg12_e,left,DN_23,#F07B35
720575941644355784,76071705504245357,DNg08_a,descending,DNg08_a,right,DN_05,#EE5B32
720575941637734175,76001336827309033,DNg06,descending,DNg06,right,DN_03,#EF6B33
720575941542617117,76001336826960578,DNp17,descending,DNp17,right,DN_02,#B3B140
720575941554888676,76001336826690113,DNge111,descending,DNge111,left,DN_05,#EE5B32
720575941553416602,76001336826932005,DNpe018,descending,DNpe018,right,DN_02,#B3B140
720575941631020192,76001336827228799,DNge087,descending,DNge087,left,DN_01,#F4AB3A
720575941477201002,76001336759880506,DNge089,descending,DNge089,left,DN_05,#EE5B32
720575941429383521,76353180547857484,DNnt013,descending,DNnt013,left,DN_24,#F28B37
720575941591804712,76001336826707551,DNge091,descending,DNge091,left,DN_05,#EE5B32
720575941549442366,76282811736742511,DNg07,descending,DNg07,right,DN_05,#EE5B32
720575941546653729,76282811736651616,DNg08_b,descending,DNg08_b,left,DN_05,#EE5B32
720575941476632385,76001336827390088,DNg01,descending,DNg01,right,DN_06,#51AD8B
720575941600331049,76353180480592786,DNfl030,descending,DNfl030,left,DN_23,#F07B35
720575941523447883,76212443059265872,DNg07,descending,DNg07,right,DN_05,#EE5B32
720575941430931553,76001336826926399,DNpe008,descending,DNpe008,right,DN_02,#B3B140
720575941439454783,76282811736648845,DNg08_a,descending,DNg08_a,left,DN_05,#EE5B32
720575941483358717,76212443059731168,DNp17,descending,DNp17,left,DN_02,#B3B140
720575941536003314,76282811803739087,DNge087,descending,DNge087,right,DN_01,#F4AB3A
720575941446894612,76353180547961855,DNg12_e,descending,DNg12_e,left,DN_23,#F07B35
720575941637800309,76001336827001872,DNpe054,descending,DNpe054,right,DN_02,#B3B140
720575941689709019,76001336760176997,DNg07,descending,DNg07,left,DN_05,#EE5B32
720575941552584510,76071705504360972,DNge094,descending,DNge094,left,DN_05,#EE5B32
720575941651749361,76212443059076095,DNge094,descending,DNge094,right,DN_05,#EE5B32
720575941554856019,76212443059768198,DNpe054,descending,DNpe054,left,DN_02,#B3B140
720575941425381716,76212443059532301,DNge085,descending,DNge085,right,DN_01,#F4AB3A
720575941559205933,76282811804044810,DNg05_b,descending,DNg05_b,left,DN_06,#51AD8B
720575941513674131,75930968015304731,DNge061,descending,DNge061,right,DN_12,#59A846
720575941575484598,76282811803800648,DNge071,descending,DNge071,right,DN_01,#F4AB3A
720575941440714959,75930968149638386,DNg03,descending,DNg03,right,DN_04,#95AE42
720575941501635927,76282811870587264,DNg02_b,descending,DNg02_b,left,DN_04,#95AE42
720575941612184595,76282811870362934,DNg02_b,descending,DNg02_b,left,DN_04,#95AE42
720575941533398659,76071705504347470,DNge094,descending,DNge094,left,DN_05,#EE5B32
720575941608733673,76212443059301460,DNge114,descending,DNge114,right,DN_02,#B3B140
720575941492684208,76282811803917802,DNpe054,descending,DNpe054,left,DN_02,#B3B140
720575941598693824,76282811803948479,DNpe009,descending,DNpe009,left,DN_01,#F4AB3A
720575941473825888,75930968082550084,DNge025,descending,DNge025,right,DN_23,#F07B35
720575941722210362,76282811804047558,DNg06,descending,DNg06,left,DN_03,#EF6B33
720575941521282739,76282811736753777,DNg49,descending,DNg49,right,DN_20,#EEB73C
720575941476981569,76212442992706738,DNg08_a,descending,DNg08_a,left,DN_05,#EE5B32
720575941460902157,76212442992692765,DNg07,descending,DNg07,right,DN_05,#EE5B32
720575941482407677,75930968082672587,DNg12_d,descending,DNg12_d,right,DN_24,#F28B37
720575941493998464,76212443059526408,DNge087,descending,DNge087,right,DN_01,#F4AB3A
720575941573385224,76001336760224810,DNge114,descending,DNge114,left,DN_02,#B3B140
720575941480901827,76001336827254860,DNge085,descending,DNge085,left,DN_01,#F4AB3A
720575941512946531,76001336826747948,DNg36_b,descending,DNg36_b,left,DN_02,#B3B140
720575941461320644,76282811803896012,DNpe054,descending,DNpe054,left,DN_02,#B3B140
720575941598325148,76212443059172178,DNge094,descending,DNge094,right,DN_05,#EE5B32
720575941504258839,75930968082626508,NA,descending,NA,right,NA,NA
720575941478074592,76282811804151400,DNg02_b,descending,DNg02_b,left,DN_04,#95AE42
720575941533578177,76282811803991064,DNge085,descending,DNge085,right,DN_01,#F4AB3A
720575941465737814,76353180547854839,DNfl044,descending,DNfl044,left,DN_24,#F28B37
720575941479434720,76353180480707488,DNg12_e,descending,DNg12_e,left,DN_23,#F07B35
720575941611431853,76001336826887411,DNpe054,descending,DNpe054,right,DN_02,#B3B140
720575941630725868,76001336826861911,DNge071,descending,DNge071,left,DN_01,#F4AB3A
720575941475557681,75930968149649388,DNg03,descending,DNg03,right,DN_04,#95AE42
720575941614190099,76282811803898824,DNpe008,descending,DNpe008,left,DN_02,#B3B140
720575941585365214,76001336826999162,DNpe054,descending,DNpe054,right,DN_02,#B3B140
720575941392467862,76282811736750925,CB2322,descending,CB2322,left,NA,NA
720575941454975539,76282811803972996,DNp16,descending,DNp16,left,DN_01,#F4AB3A
720575941638909557,76282811803890380,DNp17,descending,DNp17,left,DN_02,#B3B140
720575941730332715,75930968083152111,NA,descending,NA,right,NA,NA
720575941552002815,75792154404108770,DNg57,descending,DNg57,right,DN_16,#F39B38
720575941466965725,76353180547899337,DNge024,descending,DNge024,left,DN_23,#F07B35
720575941686310895,76353180547915833,DNge024,descending,DNge024,left,DN_23,#F07B35
720575941666925745,75930968082726321,DNg12_d,descending,DNg12_d,right,DN_24,#F28B37
720575941623634122,76001336893762775,NA,descending,NA,right,NA,NA
720575941627576377,76282811803710061,DNg10,descending,DNg10,right,DN_01,#F4AB3A
720575941688644315,76282811803683929,DNge085,descending,DNge085,right,DN_01,#F4AB3A
720575941569505394,76282811803887480,DNpe018,descending,DNpe018,left,DN_02,#B3B140
720575941603438777,76212443059265884,DNg07,descending,DNg07,right,DN_05,#EE5B32
720575941602974649,76001336826996311,DNpe054,descending,DNpe054,right,DN_02,#B3B140
720575941405473327,76282811804039639,NA,descending,NA,left,NA,NA
720575941559946478,76282811803898859,DNpe008,descending,DNpe008,left,DN_02,#B3B140
720575941688582518,76001336826756621,DNge092,descending,DNge092,left,DN_01,#F4AB3A
720575941626302858,76353180547788614,DNg12_e,descending,DNg12_e,left,DN_23,#F07B35
720575941454124781,76353180547952906,DNg12_d,descending,DNg12_d,left,DN_24,#F28B37
720575941688242328,75930968082586938,DNge025,descending,DNge025,right,DN_23,#F07B35
720575941431077551,76001336760307999,DNge116,descending,DNge116,left,DN_01,#F4AB3A
720575941574226024,75930968082487783,DNg12_e,descending,DNg12_e,right,DN_23,#F07B35
720575941652278033,76001336827205229,DNge087,descending,DNge087,left,DN_01,#F4AB3A
720575941454887219,75930968083287055,DNg02_a,descending,DNg02_a,right,DN_04,#95AE42
720575941687871350,76001336826909544,DNpe008,descending,DNpe008,right,DN_02,#B3B140
720575941534800618,76001336827165694,DNge071,descending,DNge071,left,DN_01,#F4AB3A
720575941452264361,76282811803895987,DNge071,descending,DNge071,right,DN_01,#F4AB3A
720575941503846706,76282811803929072,DNpe008,descending,DNpe008,left,DN_02,#B3B140
720575941554228481,76353180547907589,DNg12_e,descending,DNg12_e,left,DN_23,#F07B35
720575941501608939,75930968082600696,DNg12_a,descending,DNg12_a,right,DN_24,#F28B37
720575941498434683,76212443059213996,DNge094,descending,DNge094,right,DN_05,#EE5B32
720575941503131371,76282811803901532,DNpe054,descending,DNpe054,left,DN_02,#B3B140
720575941569320050,76282811803901575,DNpe054,descending,DNpe054,left,DN_02,#B3B140
720575941573846941,76071705504334245,DNge094,descending,DNge094,left,DN_05,#EE5B32
720575941588874892,76282811803887484,DNpe054,descending,DNpe054,left,DN_02,#B3B140
720575941439919295,75930968082620915,DNg12_e,descending,DNg12_e,right,DN_23,#F07B35
720575941545916265,76282811803945709,DNpe054,descending,DNpe054,left,DN_02,#B3B140
720575941430610095,76001336826742222,DNge109,descending,DNge109,left,DN_02,#B3B140
720575941482713341,76001336760194695,DNg07,descending,DNg07,left,DN_05,#EE5B32
720575941472597051,75930968082606437,DNge020,descending,DNge020,right,DN_23,#F07B35
720575941393196950,76001336826906737,DNpe054,descending,DNpe054,right,DN_02,#B3B140
720575941602726078,76212443059240723,DNge109,descending,DNge109,right,DN_02,#B3B140
720575941467559702,75930968083155206,DNg06,descending,DNg06,right,DN_03,#EF6B33
720575941720258362,76282811803578656,DNg36_b,descending,DNg36_b,right,DN_02,#B3B140
720575941438848479,75788787686938655,DNpe054,descending,DNpe054,right,DN_02,#B3B140
720575941531974629,76001336826798043,DNg36_b,descending,DNg36_b,left,DN_02,#B3B140
720575941628710694,76212443059274101,DNge116,descending,DNge116,right,DN_01,#F4AB3A
720575941390285462,75930968083141165,DNg05_b,descending,DNg05_b,right,DN_06,#51AD8B
720575941524952486,76282811803833092,DNge085,descending,DNge085,right,DN_01,#F4AB3A
720575941562771624,76001336826895576,DNpe009,descending,DNpe009,right,DN_01,#F4AB3A
720575941533567754,76282811803692755,DNge071,descending,DNge071,right,DN_01,#F4AB3A
720575941524958118,76212443059345863,DNge109,descending,DNge109,right,DN_02,#B3B140
720575941448968029,76353180547879733,DNge024,descending,DNge024,left,DN_23,#F07B35
720575941538209229,76493024548945918,DNg10,descending,DNg10,left,DN_01,#F4AB3A
720575941573522171,76282811803923491,DNpe054,descending,DNpe054,left,DN_02,#B3B140
720575941537718653,75930968082726302,DNg12_e,descending,DNg12_e,right,DN_23,#F07B35
720575941444536746,76282811803882146,DNpe054,descending,DNpe054,left,DN_02,#B3B140
720575941573370696,76353180547802462,DNg12,descending,DNg12,left,DN_23,#F07B35
720575941627545913,76001336760078902,CB2392,descending,CB2392,right,NA,NA
720575941503529522,76001336827241947,DNg10,descending,DNg10,left,DN_01,#F4AB3A
720575941542584837,75930968082606383,NA,descending,NA,right,NA,NA
720575941569424372,76282811803868265,DNpe054,descending,DNpe054,left,DN_02,#B3B140
720575941469370688,76282811803956907,DNg10,descending,DNg10,right,DN_01,#F4AB3A
720575941603376313,76282811803943006,DNpe054,descending,DNpe054,left,DN_02,#B3B140
720575941534075370,76282811803962375,DNg10,descending,DNg10,right,DN_01,#F4AB3A
720575941569306874,76353180547868469,DNg12_e,descending,DNg12_e,left,DN_23,#F07B35
720575941523236171,76212443059339965,DNg36_b,descending,DNg36_b,right,DN_02,#B3B140
720575941390722710,75930968082535647,DNg12,descending,DNg12,right,DN_23,#F07B35
720575941531334373,76353180547885194,DNg12_e,descending,DNg12_e,left,DN_23,#F07B35
720575941559950863,76001336827239408,DNg10,descending,DNg10,left,DN_01,#F4AB3A
720575941540535069,76353180547841203,DNge020,descending,DNge020,left,DN_23,#F07B35
720575941550165054,76353180548059164,DNg10,descending,DNg10,right,DN_01,#F4AB3A
720575941722108218,76212443059251833,DNg07,descending,DNg07,right,DN_05,#EE5B32
720575941516480110,76282811803954109,DNg18_a,descending,DNg18_a,right,DN_05,#EE5B32
720575941518945459,76070949523032048,DNge071,descending,DNge071,left,DN_01,#F4AB3A
720575941515077699,76353180547813515,DNge025,descending,DNge025,left,DN_23,#F07B35
720575941659595320,76353180548039628,DNge071,descending,DNge071,right,DN_01,#F4AB3A
720575941532682627,76000443406392672,NA,descending,NA,right,NA,NA
720575941469296861,76212442924925957,AN_GNG_196,descending,AN_GNG_196,left,NA,NA
720575941573871030,76001336826963524,DNg10,descending,DNg10,left,DN_01,#F4AB3A
720575941455929837,76282811736654343,DNge089,descending,DNge089,right,DN_05,#EE5B32
720575941632799392,76001336827022256,DNge085,descending,DNge085,left,DN_01,#F4AB3A
720575941513793612,75930968082532915,NA,descending,NA,right,NA,NA
720575941390619140,76282811803954119,DNg10,descending,DNg10,right,DN_01,#F4AB3A
720575941510509072,76353180547835730,DNg12_b,descending,DNg12_b,left,DN_24,#F28B37
720575941489036494,76353180547868513,DNg12_e,descending,DNg12_e,left,DN_23,#F07B35
720575941522739275,76001336826975119,DNg10,descending,DNg10,left,DN_01,#F4AB3A
720575941430080393,76001336826946156,DNp17,descending,DNp17,right,DN_02,#B3B140
720575941429113775,75859705851445232,DNg10,descending,DNg10,right,DN_01,#F4AB3A
720575941506446174,76282811803951377,DNge071,descending,DNge071,right,DN_01,#F4AB3A
720575941589678078,76353180547832986,DNg12_c,descending,DNg12_c,left,DN_24,#F28B37
720575941573417117,76282811803983323,DNg10,descending,DNg10,right,DN_01,#F4AB3A
720575941577482585,76353180547852101,DNg12_e,descending,DNg12_e,left,DN_23,#F07B35
720575941545033916,76282811803865564,DNge071,descending,DNge071,right,DN_01,#F4AB3A
720575941530577355,76282811803956909,DNpe054,descending,DNpe054,left,DN_02,#B3B140
720575941414353436,76001336827025090,DNg10,descending,DNg10,left,DN_01,#F4AB3A
720575941551193115,76282811803904102,DNg10,descending,DNg10,right,DN_01,#F4AB3A
720575941592628950,76001336826972191,DNg10,descending,DNg10,left,DN_01,#F4AB3A
720575941577519961,76633418372770871,DNge089,descending,DNge089,left,DN_05,#EE5B32
720575941410089131,76001336827022215,DNpe009,descending,DNpe009,right,DN_01,#F4AB3A
720575941489207605,76001336827025051,NA,descending,NA,right,NA,NA
720575941626299530,76282811803945655,DNg10,descending,DNg10,right,DN_01,#F4AB3A
720575941487186896,74874062127749840,DNge112,descending,DNge112,right,DN_05,#EE5B32
720575941453869619,76001336826948980,DNge085,descending,DNge085,left,DN_01,#F4AB3A
720575941456665581,76353180547843923,DNg12_e,descending,DNg12_e,left,DN_23,#F07B35
720575941476378164,76354829949607556,DNg10,descending,DNg10,left,DN_01,#F4AB3A
720575941498095073,76212442924896481,NA,descending,NA,left,NA,NA
720575941495775431,76001336826864879,DNge085,descending,DNge085,left,DN_01,#F4AB3A
720575941591064716,76001336826990303,DNpe054,descending,DNpe054,right,DN_02,#B3B140
720575941519274968,76001336826972216,DNp17,descending,DNp17,left,DN_02,#B3B140
720575941481407427,75931311747183986,DNg10,descending,DNg10,left,DN_01,#F4AB3A
720575941645239752,76001336827231475,DNge085,descending,DNge085,left,DN_01,#F4AB3A
720575941588409924,76001336826937770,DNp17,descending,DNp17,right,DN_02,#B3B140
720575941438213951,76282811736756573,DNge118,descending,DNge118,left,DN_05,#EE5B32
720575941493021104,76001336826966403,DNpe054,descending,DNpe054,right,DN_02,#B3B140
720575941498788258,76001336826960572,DNge071,descending,DNge071,left,DN_01,#F4AB3A
720575941579841013,76212443059594923,DNp16,descending,DNp16,left,DN_01,#F4AB3A
720575941548409377,76001336826879135,DNpe018,descending,DNpe018,right,DN_02,#B3B140
720575941559394931,76214504912373743,AN_GNG_179,descending,AN_GNG_179,right,DN_05,#EE5B32
720575941515615066,76001336826975127,NA,descending,NA,left,NA,NA
720575941616284629,76001336826859003,DNpe054,descending,DNpe054,right,DN_02,#B3B140
720575941510361298,76001336826809778,DNge117,descending,DNge117,left,DN_05,#EE5B32
720575941473940522,76212442992507868,NA,descending,NA,left,NA,NA
720575941469068253,76282811736169431,DNg86,descending,DNg86,right,DN_13,#764D99
720575941528092344,76212443059329077,DNge109,descending,DNge109,right,DN_02,#B3B140
720575941480535682,76353180480502482,DNge050,descending,DNge050,right,DN_11,#4FAA6F
720575941579616849,76071705570936086,DNae009,descending,DNae009,right,DN_03,#EF6B33
720575941527568004,76212443059565190,DNp26,descending,DNp26,right,DN_06,#51AD8B
720575941431060873,76282811736332147,DNp66,descending,DNp66,right,DN_14,#54B0A6
720575941658936144,76142074248150298,DNp69,descending,DNp69,right,DN_14,#54B0A6
720575941494925182,75577886941347901,DNxl127,descending,DNxl127,right,DN_09,#7C378A
720575941568626546,75858606473752067,DNpe023,descending,DNpe023,right,DN_10,#77AB44
720575941455714541,76773881117440244,DNb02,descending,DNb02,right,DN_20,#EEB73C
720575941568199726,76492818188791054,DNge011,descending,DNge011,left,DN_23,#F07B35
720575941511336402,76001749210900895,DNg04,descending,DNg04,right,DN_06,#51AD8B
720575941586479326,75648461978272419,DNge100,descending,DNge100,right,DN_09,#7C378A
720575941447899412,75859155625890106,DNge137,descending,DNge137,right,DN_18,#57B2C1
720575941611136476,76633693183713336,DNg89,descending,DNg89,left,DN_21,#4CA854
720575941643043272,76492474524642501,DNg72,descending,DNg72,left,DN_07,#6A79B8
720575941574040329,75436874508453073,DNit012,descending,DNit012,right,DN_22,#D0B43E
720575941452165801,76563255921323252,DNge072,descending,DNge072,left,DN_20,#EEB73C
720575941530606467,75648393460169860,DNg06,descending,DNg06,right,DN_03,#EF6B33
720575941524513892,75859705851628238,DNge117,descending,DNge117,right,DN_05,#EE5B32
720575941632039916,76633143360615489,DNg77,descending,DNg77,left,DN_22,#D0B43E
720575941505983813,76633487092280444,DNg07,descending,DNg07,left,DN_05,#EE5B32
720575941495377280,77055630703764823,NA,descending,NA,left,NA,NA
720575941520606391,76703512171931180,DNg08_a,descending,DNg08_a,left,DN_05,#EE5B32
720575941563201687,76844593257608641,DNg12_e,descending,DNg12_e,left,DN_23,#F07B35
720575941482057414,75859568076415651,DNg28,descending,DNg28,right,DN_20,#EEB73C
720575941597345692,76140974602505114,DNge035,descending,DNge035,left,DN_13,#764D99
720575941573618427,77336968375307120,CB0191,descending,CB0191,left,NA,NA
720575941567859758,76001336826917917,DNpe008,descending,DNpe008,right,DN_02,#B3B140
720575941731655979,75578024514710241,DNge094,descending,DNge094,right,DN_05,#EE5B32
720575941549987956,75788719034293543,DNpe012,descending,DNpe012,right,DN_05,#EE5B32
720575941505395260,75929112791008712,DNp52,descending,DNp52,right,DN_14,#54B0A6
720575941528844472,76422655805002993,DNg18_b,descending,DNg18_b,left,DN_05,#EE5B32
720575941552623678,77055768276781678,DNg53,descending,DNg53,left,DN_20,#EEB73C
720575941489812277,76351256469842196,DNp52,descending,DNp52,left,DN_14,#54B0A6
720575941526075673,76563393292801632,CB0918,descending,CB0918,left,DN_20,#EEB73C
720575941529212600,76422174298871591,DNge031,descending,DNge031,left,DN_09,#7C378A
720575941407788206,76844524471084982,DNge029,descending,DNge029,left,DN_23,#F07B35
720575941513032780,76703787116985439,DNge094,descending,DNge094,left,DN_05,#EE5B32
720575941539552717,75930143247854412,DNge089,descending,DNge089,left,DN_05,#EE5B32
720575941512778193,76848373500236062,DNxn133,descending,DNxn133,left,NA,NA
720575941603720377,75999413286086862,DNp52,descending,DNp52,right,DN_14,#54B0A6
720575941564506880,75858949601280928,DNg67,descending,DNg67,right,DN_16,#F39B38
720575941687006988,76282811803873710,DNge071,descending,DNge071,right,DN_01,#F4AB3A
720575941561367085,75648462314123075,DNg92_b,descending,DNg92_b,right,DN_03,#EF6B33
720575941512600140,75930074595780616,DNg18_b,descending,DNg18_b,right,DN_05,#EE5B32
720575941430975329,75788925193129914,DNpe015,descending,DNpe015,right,DN_02,#B3B140
720575941573961992,75788718967626667,NA,descending,NA,right,NA,NA
720575941574671517,76001336827228747,DNpe011,descending,DNpe011,right,DN_05,#EE5B32
720575941595496837,75999412614601400,DNp25,descending,DNp25,right,DN_19,#658FC8
720575941549022497,76212443059738575,DNpe054,descending,DNpe054,left,DN_02,#B3B140
720575941470575479,76282811803909475,DNpe054,descending,DNpe054,left,DN_02,#B3B140
720575941490679497,76212443059290340,DNge145,descending,DNge145,right,DN_05,#EE5B32
720575941644377208,76492337689835983,DNpe054,descending,DNpe054,left,DN_02,#B3B140
720575941451226490,76562843872771954,DNp16,descending,DNp16,left,DN_01,#F4AB3A
720575941565623606,76492543982189745,NA,descending,NA,left,NA,NA
720575941602730681,75788992972659970,NA,descending,NA,right,NA,NA
720575941437329708,75577543209775986,DNg08_b,descending,DNg08_b,right,DN_05,#EE5B32
720575941552290366,76212443059251847,DNxn115,descending,DNxn115,right,DN_01,#F4AB3A
720575941631948012,77266599563953493,DNge085,descending,DNge085,left,DN_01,#F4AB3A
720575941416329500,76422587152129820,DNp17,descending,DNp17,left,DN_02,#B3B140
720575941498766049,79306880828642489,DNp59,descending,DNp59,left,DN_14,#54B0A6
