rPos_deg,AOTU002_a,AOTU002_c,AOTU005_3,AOTU015_4,AOTU016_a,AOTU016_c,AOTU019_7,AOTU025_8,AOTU026_9,AOTU027_10,LAL026_a,LAL027_12,LAL028_13,LAL029_e
-15,0.000143084713757984,0.00482541446481306,1.87942191199344e-16,2.11561270335283e-16,4.29690412943661e-16,1.56302729576067e-17,0.0314818393061067,0,8.07090458174602e-17,1.66722911547805e-16,8.51613053872027e-16,9.77602526803039e-17,6.80343153827464e-16,2.91575637354627e-16
-14.6120689655172,0.000335803126135318,0.0053543736079067,2.81913286799016e-16,2.11561270335283e-16,4.29690412943661e-16,1.56302729576067e-17,0.0446894895193386,1.51945198933341e-16,0,1.66722911547805e-16,8.51613053872027e-16,9.77602526803039e-17,5.01305481767605e-16,2.91575637354627e-16
-14.2241379310345,0.00056730325292176,0.00589270758924822,2.81913286799016e-16,2.11561270335283e-16,2.14845206471831e-16,1.56302729576067e-17,0.0612255458644398,1.51945198933341e-16,8.07090458174602e-17,3.54286187039086e-16,8.51613053872027e-16,9.77602526803039e-17,5.01305481767605e-16,2.91575637354627e-16
-13.8362068965517,0.000945674222216485,0.00643702441882433,2.81913286799016e-16,2.11561270335283e-16,4.29690412943661e-16,2.27349424837916e-17,0.0813740475519374,3.79862997333351e-16,8.07090458174602e-17,3.54286187039086e-16,8.51613053872027e-16,9.77602526803039e-17,5.01305481767605e-16,6.15548567748658e-16
-13.448275862069,0.00143986866183465,0.00698677078624797,2.81913286799016e-16,2.11561270335283e-16,6.44535619415492e-16,2.98396120099765e-17,0.105288857163242,1.51945198933341e-16,2.28675629816137e-16,1.66722911547805e-16,6.31841943195375e-16,0,5.01305481767605e-16,9.39521498142688e-16
-13.0603448275862,0.00207658426351752,0.00753904714885364,1.87942191199344e-16,2.11561270335283e-16,4.29690412943661e-16,2.98396120099765e-17,0.132875332746961,1.51945198933341e-16,2.28675629816137e-16,1.66722911547805e-16,6.31841943195375e-16,9.77602526803039e-17,5.01305481767605e-16,6.15548567748658e-16
-12.6724137931034,0.00288927141343849,0.00809167033625122,1.87942191199344e-16,1.05780635167642e-16,4.29690412943661e-16,2.98396120099765e-17,0.164069099057934,3.79862997333351e-16,1.6141809163492e-16,1.66722911547805e-16,8.51613053872027e-16,9.77602526803039e-17,3.22267809707746e-16,6.15548567748658e-16
-12.2844827586207,0.00391514593572356,0.00863357531677783,2.81913286799016e-16,2.11561270335283e-16,4.29690412943661e-16,3.69442815361614e-17,0.198058219185446,3.79862997333351e-16,1.6141809163492e-16,3.54286187039086e-16,6.31841943195375e-16,9.77602526803039e-17,5.01305481767605e-16,6.15548567748658e-16
-11.8965517241379,0.00514398746260057,0.00916258944825895,2.81913286799016e-16,3.17341905502925e-16,4.29690412943661e-16,2.98396120099765e-17,0.234520089079756,3.79862997333351e-16,1.6141809163492e-16,3.54286187039086e-16,6.31841943195375e-16,9.77602526803039e-17,5.01305481767605e-16,6.15548567748658e-16
-11.5086206896552,0.00657542846502615,0.00967533191619703,9.3971095599672e-17,3.17341905502925e-16,2.14845206471831e-16,2.98396120099765e-17,0.272771097016198,3.79862997333351e-16,1.6141809163492e-16,3.54286187039086e-16,4.12070832518723e-16,9.77602526803039e-17,6.80343153827464e-16,6.15548567748658e-16
-11.1206896551724,0.00822240059537945,0.0101706165172166,9.3971095599672e-17,3.17341905502925e-16,4.29690412943661e-16,2.98396120099765e-17,0.311997836792741,3.79862997333351e-16,8.07090458174602e-17,3.54286187039086e-16,6.31841943195375e-16,1.95520505360608e-16,8.23573291475351e-16,6.15548567748658e-16
-10.7327586206897,0.0100341264716409,0.0106414340754187,1.87942191199344e-16,2.11561270335283e-16,4.29690412943661e-16,2.27349424837916e-17,0.351183589824012,1.51945198933341e-16,8.07090458174602e-17,1.66722911547805e-16,6.31841943195375e-16,1.95520505360608e-16,5.01305481767605e-16,2.91575637354627e-16
-10.3448275862069,0.0119859679294121,0.011068975638246,1.87942191199344e-16,2.11561270335283e-16,4.29690412943661e-16,1.56302729576067e-17,0.389495230577764,0,8.07090458174602e-17,1.66722911547805e-16,8.51613053872027e-16,9.77602526803039e-17,6.80343153827464e-16,2.91575637354627e-16
-9.95689655172414,0.0140370176219517,0.0114599149390911,2.81913286799016e-16,2.11561270335283e-16,4.29690412943661e-16,1.56302729576067e-17,0.426274040290955,1.51945198933341e-16,0,1.66722911547805e-16,8.51613053872027e-16,9.77602526803039e-17,5.01305481767605e-16,2.91575637354627e-16
-9.56896551724138,0.0161339586772992,0.0118019857926687,2.81913286799016e-16,2.11561270335283e-16,2.14845206471831e-16,1.56302729576067e-17,0.46104105476003,1.51945198933341e-16,8.07090458174602e-17,3.54286187039086e-16,8.51613053872027e-16,9.77602526803039e-17,5.01305481767605e-16,2.91575637354627e-16
-9.18103448275862,0.0182170232127612,0.01210170251769,2.81913286799016e-16,2.11561270335283e-16,4.29690412943661e-16,2.27349424837916e-17,0.493457477004313,3.79862997333351e-16,8.07090458174602e-17,3.54286187039086e-16,8.51613053872027e-16,9.77602526803039e-17,5.01305481767605e-16,6.15548567748658e-16
-8.79310344827586,0.0202291105035272,0.0123396366484451,2.81913286799016e-16,2.11561270335283e-16,6.44535619415492e-16,2.98396120099765e-17,0.523462869631725,1.51945198933341e-16,2.28675629816137e-16,1.66722911547805e-16,6.31841943195375e-16,0,5.01305481767605e-16,9.39521498142688e-16
-8.4051724137931,0.0221224116499409,0.012528228211166,1.87942191199344e-16,2.11561270335283e-16,4.29690412943661e-16,2.98396120099765e-17,0.551164379761827,1.51945198933341e-16,2.28675629816137e-16,1.66722911547805e-16,6.31841943195375e-16,9.77602526803039e-17,5.01305481767605e-16,6.15548567748658e-16
-8.01724137931035,0.0238485764875969,0.0126647312290441,1.87942191199344e-16,1.05780635167642e-16,4.29690412943661e-16,2.98396120099765e-17,0.576655558380153,3.79862997333351e-16,1.6141809163492e-16,1.66722911547805e-16,8.51613053872027e-16,9.77602526803039e-17,3.22267809707746e-16,6.15548567748658e-16
-7.62931034482759,0.0253733867247622,0.0127527819299198,2.81913286799016e-16,2.11561270335283e-16,4.29690412943661e-16,3.69442815361614e-17,0.600217644931574,3.79862997333351e-16,1.6141809163492e-16,3.54286187039086e-16,6.31841943195375e-16,9.77602526803039e-17,5.01305481767605e-16,6.15548567748658e-16
-7.24137931034483,0.0266752334821632,0.0127931384484143,2.81913286799016e-16,3.17341905502925e-16,4.29690412943661e-16,2.98396120099765e-17,0.622014956007009,3.79862997333351e-16,1.6141809163492e-16,3.54286187039086e-16,6.31841943195375e-16,9.77602526803039e-17,5.01305481767605e-16,6.15548567748658e-16
-6.85344827586207,0.0277455689660829,0.0127986348122867,9.3971095599672e-17,3.17341905502925e-16,2.14845206471831e-16,2.98396120099765e-17,0.642256893066616,3.79862997333351e-16,1.6141809163492e-16,3.54286187039086e-16,4.12070832518723e-16,9.77602526803039e-17,6.80343153827464e-16,6.15548567748658e-16
-6.46551724137931,0.0285881800151415,0.0127715508663784,9.3971095599672e-17,3.17341905502925e-16,4.29690412943661e-16,2.98396120099765e-17,0.66103020441716,3.79862997333351e-16,8.07090458174602e-17,3.54286187039086e-16,6.31841943195375e-16,1.95520505360608e-16,8.23573291475351e-16,6.15548567748658e-16
-6.07758620689655,0.0292174932237379,0.0127340017394601,1.87942191199344e-16,2.11561270335283e-16,4.29690412943661e-16,2.27349424837916e-17,0.678282026701385,1.51945198933341e-16,8.07090458174602e-17,1.66722911547805e-16,6.31841943195375e-16,1.95520505360608e-16,5.01305481767605e-16,2.91575637354627e-16
-5.68965517241379,0.0296562030643377,0.0126843795973756,1.87942191199344e-16,2.11561270335283e-16,4.29690412943661e-16,1.56302729576067e-17,0.694210535047266,0,8.07090458174602e-17,1.66722911547805e-16,8.51613053872027e-16,9.77602526803039e-17,6.80343153827464e-16,2.91575637354627e-16
-5.30172413793103,0.0299315785066796,0.012636681673598,2.81913286799016e-16,2.11561270335283e-16,4.29690412943661e-16,1.56302729576067e-17,0.708233872798429,1.51945198933341e-16,0,0.000405807414426823,8.51613053872027e-16,9.77602526803039e-17,5.01305481767605e-16,2.91575637354627e-16
-4.91379310344828,0.0300696617031775,0.0125889027653944,2.81913286799016e-16,2.11561270335283e-16,2.14845206471831e-16,1.56302729576067e-17,0.720556801659699,1.51945198933341e-16,8.07090458174602e-17,0.000732478899028721,8.51613053872027e-16,9.77602526803039e-17,5.01305481767605e-16,2.91575637354627e-16
-4.52586206896552,0.0301109785844694,0.0125603194763464,2.81913286799016e-16,2.11561270335283e-16,4.29690412943661e-16,2.27349424837916e-17,0.732272780978039,3.79862997333351e-16,8.07090458174602e-17,0.00168812530646529,8.51613053872027e-16,9.77602526803039e-17,5.01305481767605e-16,6.15548567748658e-16
-4.13793103448276,0.0300803297821452,0.012541610133487,2.81913286799016e-16,2.11561270335283e-16,6.44535619415492e-16,2.98396120099765e-17,0.742402999758228,1.51945198933341e-16,2.28675629816137e-16,0.00293011171355615,6.31841943195375e-16,0,5.01305481767605e-16,9.39521498142688e-16
-3.75,0.0300033541104055,0.0125326388637031,1.87942191199344e-16,2.11561270335283e-16,4.29690412943661e-16,2.98396120099765e-17,0.751574786904541,1.51945198933341e-16,2.28675629816137e-16,0.00431929165678633,6.31841943195375e-16,9.77602526803039e-17,5.01305481767605e-16,6.15548567748658e-16
-3.36206896551724,0.0298390654421928,0.0125316507117478,1.87942191199344e-16,1.05780635167642e-16,4.29690412943661e-16,2.98396120099765e-17,0.759789393713629,3.79862997333351e-16,1.6141809163492e-16,0.00656920711253278,8.51613053872027e-16,9.77602526803039e-17,3.22267809707746e-16,6.15548567748658e-16
-2.97413793103448,0.0296917426310317,0.0125442194422992,2.81913286799016e-16,2.11561270335283e-16,4.29690412943661e-16,3.69442815361614e-17,0.767271138453355,3.79862997333351e-16,1.6141809163492e-16,0.00948475801176296,6.31841943195375e-16,9.77602526803039e-17,5.01305481767605e-16,6.15548567748658e-16
-2.58620689655172,0.0295749297577447,0.0125613660725473,2.81913286799016e-16,3.17341905502925e-16,4.29690412943661e-16,2.98396120099765e-17,0.77423365108871,3.79862997333351e-16,1.6141809163492e-16,0.0131674746216016,6.31841943195375e-16,9.77602526803039e-17,5.01305481767605e-16,6.15548567748658e-16
-2.19827586206897,0.0294415387382703,0.0125843955923581,9.3971095599672e-17,3.17341905502925e-16,2.14845206471831e-16,2.98396120099765e-17,0.780819840478258,3.79862997333351e-16,1.6141809163492e-16,0.0176485530290115,4.12070832518723e-16,9.77602526803039e-17,6.80343153827464e-16,6.15548567748658e-16
-1.81034482758621,0.0293397700715562,0.0126053466506004,9.3971095599672e-17,3.17341905502925e-16,4.29690412943661e-16,2.98396120099765e-17,0.787475385642761,3.79862997333351e-16,8.07090458174602e-17,0.0230701122746094,6.31841943195375e-16,1.95520505360608e-16,8.23573291475351e-16,6.15548567748658e-16
-1.42241379310345,0.0292597930538166,0.0126251907792007,1.87942191199344e-16,2.11561270335283e-16,4.29690412943661e-16,2.27349424837916e-17,0.794350242743029,1.51945198933341e-16,8.07090458174602e-17,0.0294096772638061,6.31841943195375e-16,1.95520505360608e-16,5.01305481767605e-16,2.91575637354627e-16
-1.03448275862069,0.029192003901881,0.012642806844588,1.87942191199344e-16,2.11561270335283e-16,4.29690412943661e-16,1.56302729576067e-17,0.801477560620039,0,8.07090458174602e-17,0.0366200134060261,8.51613053872027e-16,9.77602526803039e-17,6.80343153827464e-16,2.91575637354627e-16
-0.646551724137931,0.029127951894671,0.0126589425551847,2.81913286799016e-16,2.11561270335283e-16,4.29690412943661e-16,5.60082469819312e-05,0.809131563025402,1.51945198933341e-16,0,0.0446559572573741,8.51613053872027e-16,9.77602526803039e-17,5.01305481767605e-16,2.91575637354627e-16
-0.258620689655173,0.0290827787934056,0.0126676744155269,2.81913286799016e-16,2.11561270335283e-16,2.14845206471831e-16,0.000105495052927343,0.817064311299575,1.51945198933341e-16,8.07090458174602e-17,0.0533840907254131,8.51613053872027e-16,9.77602526803039e-17,5.01305481767605e-16,2.91575637354627e-16
0.129310344827585,0.0290524323728688,0.0126647781040438,2.81913286799016e-16,2.11561270335283e-16,4.29690412943661e-16,0.00018310810559252,0.825203609408254,3.79862997333351e-16,8.07090458174602e-17,0.0626530603528126,8.51613053872027e-16,9.77602526803039e-17,5.01305481767605e-16,6.15548567748658e-16
0.517241379310345,0.0290226376903839,0.0126452750284988,2.81913286799016e-16,2.11561270335283e-16,6.44535619415492e-16,0.000290680469865096,0.833497695905451,1.51945198933341e-16,2.28675629816137e-16,0.0722477426493846,6.31841943195375e-16,0,5.01305481767605e-16,9.39521498142688e-16
0.905172413793103,0.0290109404105154,0.012609121798167,1.87942191199344e-16,2.11561270335283e-16,4.29690412943661e-16,0.000431113890849725,0.841831616479176,1.51945198933341e-16,2.28675629816137e-16,0.0819557519258647,6.31841943195375e-16,9.77602526803039e-17,5.01305481767605e-16,6.15548567748658e-16
1.29310344827586,0.0290047225616608,0.0125554405560322,1.87942191199344e-16,1.05780635167642e-16,4.29690412943661e-16,0.000614656991125861,0.850034226391908,3.79862997333351e-16,1.6141809163492e-16,0.0915298537496799,8.51613053872027e-16,9.77602526803039e-17,3.22267809707746e-16,6.15548567748658e-16
1.68103448275862,0.0290024403354638,0.0124802012171613,2.81913286799016e-16,2.11561270335283e-16,4.29690412943661e-16,0.000845003834419579,0.857888126872671,3.79862997333351e-16,1.6141809163492e-16,0.100710067899005,6.31841943195375e-16,9.77602526803039e-17,5.01305481767605e-16,6.15548567748658e-16
2.06896551724138,0.0290042730564879,0.0123898116210693,2.81913286799016e-16,3.17341905502925e-16,4.29690412943661e-16,0.00112619187492338,0.865229067825932,3.79862997333351e-16,1.6141809163492e-16,0.109269057343204,6.31841943195375e-16,9.77602526803039e-17,5.01305481767605e-16,6.15548567748658e-16
2.45689655172414,0.0290115317080064,0.0122784851841939,9.3971095599672e-17,3.17341905502925e-16,2.14845206471831e-16,0.00146008126496587,0.872221259644621,3.79862997333351e-16,1.6141809163492e-16,0.117070428435091,4.12070832518723e-16,9.77602526803039e-17,6.80343153827464e-16,6.15548567748658e-16
2.8448275862069,0.0290231647722544,0.0121465753471548,9.3971095599672e-17,3.17341905502925e-16,4.29690412943661e-16,0.00184575833948448,0.878650622006376,3.79862997333351e-16,8.07090458174602e-17,0.124104216396283,6.31841943195375e-16,1.95520505360608e-16,8.23573291475351e-16,6.15548567748658e-16
3.23275862068965,0.0290496089306575,0.0120027155999913,1.87942191199344e-16,2.11561270335283e-16,4.29690412943661e-16,0.00227735049396134,0.884196272690602,1.51945198933341e-16,8.07090458174602e-17,0.13010890503284,6.31841943195375e-16,1.95520505360608e-16,5.01305481767605e-16,2.91575637354627e-16
3.62068965517241,0.029087892276158,0.0118532806068819,1.87942191199344e-16,2.11561270335283e-16,4.29690412943661e-16,0.00274750816907118,0.889053120851241,0,8.07090458174602e-17,0.135136615956715,8.51613053872027e-16,9.77602526803039e-17,6.80343153827464e-16,2.91575637354627e-16
4.00862068965517,0.0291225593749427,0.0117002876523613,2.81913286799016e-16,2.11561270335283e-16,4.29690412943661e-16,0.00324917868186368,0.893291036377417,1.51945198933341e-16,0,0.139247571274856,8.51613053872027e-16,9.77602526803039e-17,5.01305481767605e-16,2.91575637354627e-16
4.39655172413793,0.0291635914012811,0.011553842475021,2.81913286799016e-16,2.11561270335283e-16,2.14845206471831e-16,0.00376784260283358,0.897332371222978,1.51945198933341e-16,8.07090458174602e-17,0.142400844148034,8.51613053872027e-16,9.77602526803039e-17,5.01305481767605e-16,2.91575637354627e-16
4.78448275862069,0.0292143268128388,0.0114138115760032,2.81913286799016e-16,2.11561270335283e-16,4.29690412943661e-16,0.004289565758434,0.901067221574829,3.79862997333351e-16,8.07090458174602e-17,0.14477726027454,8.51613053872027e-16,9.77602526803039e-17,5.01305481767605e-16,6.15548567748658e-16
5.17241379310345,0.0292680514811824,0.011284718350725,2.81913286799016e-16,2.11561270335283e-16,6.44535619415492e-16,0.00480021573832318,0.904706813958883,1.51945198933341e-16,2.28675629816137e-16,0.146426878164556,6.31841943195375e-16,0,5.01305481767605e-16,9.39521498142688e-16
5.56034482758621,0.0293264388793704,0.0111682808430043,1.87942191199344e-16,2.11561270335283e-16,0.000220205421493238,0.00528661389368719,0.908253629643424,0.000570784202167387,0.000240403371543514,0.147470338002119,6.31841943195375e-16,9.77602526803039e-17,5.01305481767605e-16,6.15548567748658e-16
5.94827586206896,0.0293887113350759,0.0110699772833727,1.87942191199344e-16,1.05780635167642e-16,0.000531966912492053,0.00574213023101843,0.911776449442347,0.00139764507067018,0.000584063286520806,0.148037346728007,8.51613053872027e-16,9.77602526803039e-17,3.22267809707746e-16,6.15548567748658e-16
6.33620689655172,0.0294548044120481,0.0109851617543838,2.81913286799016e-16,2.11561270335283e-16,0.000808731472906114,0.00615381020305294,0.915401161574193,0.00243348307655619,0.00096142555264163,0.148083449704032,6.31841943195375e-16,9.77602526803039e-17,5.01305481767605e-16,6.15548567748658e-16
6.72413793103448,0.0295314485125122,0.0109103672315074,2.81913286799016e-16,3.17341905502925e-16,0.00128421573106645,0.00651583639803039,0.919110175106546,0.00393905196237427,0.00156073063188136,0.148092176431058,6.31841943195375e-16,9.77602526803039e-17,5.01305481767605e-16,6.15548567748658e-16
7.11206896551724,0.0295946417398714,0.0108484212027918,9.3971095599672e-17,3.17341905502925e-16,0.00180209499244892,0.00682756093512714,0.922934953964621,0.00581569483998472,0.00227500480911056,0.147783397922773,4.12070832518723e-16,9.77602526803039e-17,6.80343153827464e-16,6.15548567748658e-16
7.5,0.0296449682127955,0.0108018706316129,9.3971095599672e-17,3.17341905502925e-16,0.00256319551488503,0.00708999652058231,0.927095993336304,0.00835941439861733,0.00327187882603042,0.147600236045623,6.31841943195375e-16,1.95520505360608e-16,8.23573291475351e-16,6.15548567748658e-16
7.88793103448276,0.0296886440796929,0.010774609352136,1.87942191199344e-16,2.11561270335283e-16,0.00343579564055277,0.00730663973605983,0.931454286489344,0.0115027530209141,0.00450990120589289,0.147668495447169,6.31841943195375e-16,1.95520505360608e-16,5.01305481767605e-16,2.91575637354627e-16
8.27586206896552,0.0297115238252252,0.0107514792717289,1.87942191199344e-16,2.11561270335283e-16,0.00449872453535157,0.00748225822694743,0.935975052362019,0.0154460641674862,0.00598109280657565,0.147626235276449,8.51613053872027e-16,9.77602526803039e-17,6.80343153827464e-16,2.91575637354627e-16
8.66379310344828,0.0297129095495814,0.0107356814255458,2.81913286799016e-16,2.11561270335283e-16,0.00586000516486579,0.00761955392476024,0.940702115709641,0.0201797170431189,0.00781166141267708,0.147783137833723,8.51613053872027e-16,9.77602526803039e-17,5.01305481767605e-16,2.91575637354627e-16
9.05172413793104,0.0296773662975371,0.0107304621045107,2.81913286799016e-16,2.11561270335283e-16,0.00735682257508782,0.00772702312008475,0.945546471608439,0.0255966442520705,0.00987074568893378,0.148124005419739,8.51613053872027e-16,9.77602526803039e-17,5.01305481767605e-16,2.91575637354627e-16
9.43965517241379,0.0296005355727803,0.0107255092106751,2.81913286799016e-16,2.11561270335283e-16,0.00910424551178322,0.00781115813813988,0.950483567442881,0.0318014088376687,0.0122525260420397,0.148660952623643,8.51613053872027e-16,9.77602526803039e-17,5.01305481767605e-16,6.15548567748658e-16
9.82758620689655,0.0294878184922384,0.0107204359043404,2.81913286799016e-16,2.11561270335283e-16,0.0110296859197863,0.00787526217651064,0.955303072980194,0.0386392491414276,0.0148743367261464,0.149329650850635,6.31841943195375e-16,0,5.01305481767605e-16,9.39521498142688e-16
10.2155172413793,0.029348987471775,0.0107132677857714,1.87942191199344e-16,2.11561270335283e-16,0.0130725275944705,0.00792769015595143,0.960009709666661,0.0459645178069153,0.0176847004582356,0.150092382246141,6.31841943195375e-16,9.77602526803039e-17,5.01305481767605e-16,6.15548567748658e-16
10.6034482758621,0.0291721200255038,0.0107017271112436,1.87942191199344e-16,1.05780635167642e-16,0.0152557386257745,0.00796861450388969,0.964532332399109,0.0536455901852454,0.0205899896551512,0.150895265395699,8.51613053872027e-16,9.77602526803039e-17,3.22267809707746e-16,6.15548567748658e-16
10.9913793103448,0.0289513512463066,0.0106847883868864,2.81913286799016e-16,2.11561270335283e-16,0.0175926112553233,0.00797250571825893,0.968796260024155,0.0614835178490233,0.0235922909005098,0.151631094762838,6.31841943195375e-16,9.77602526803039e-17,5.01305481767605e-16,6.15548567748658e-16
11.3793103448276,0.0287026887556224,0.0106617652721164,2.81913286799016e-16,3.17341905502925e-16,0.0200573429187007,0.00799141568168105,0.972737787299446,0.0692875230933352,0.0265923258262193,0.152294579964571,6.31841943195375e-16,9.77602526803039e-17,5.01305481767605e-16,6.15548567748658e-16
11.7672413793103,0.0284342757625872,0.0106347900068252,9.3971095599672e-17,0.000668519041659,0.0232564668594941,0.00800096828577255,0.976301146716855,0.0773867099932873,0.0297074228879585,0.152819661379407,4.12070832518723e-16,9.77602526803039e-17,6.80343153827464e-16,6.15548567748658e-16
12.1551724137931,0.0281381833620204,0.0106001591849458,9.3971095599672e-17,0.00143449538305778,0.0260718581252001,0.00800692221970774,0.979449675057003,0.0848314433203581,0.0326038437707358,0.15320861769959,6.31841943195375e-16,1.95520505360608e-16,8.23573291475351e-16,6.15548567748658e-16
12.5431034482759,0.027840907711242,0.0105534904199286,1.87942191199344e-16,0.00269493510449713,0.0290151596924253,0.00801192628532908,0.982204065560696,0.0918488477053394,0.0353643729168711,0.153446170919821,6.31841943195375e-16,1.95520505360608e-16,5.01305481767605e-16,2.91575637354627e-16
12.9310344827586,0.0275372184608243,0.0104997602021041,1.87942191199344e-16,0.00438644126764156,0.0320886273801427,0.00801411513640936,0.984547043719848,0.0983604270230489,0.037963782032043,0.153542471413905,8.51613053872027e-16,9.77602526803039e-17,6.80343153827464e-16,2.91575637354627e-16
13.3189655172414,0.027236170142703,0.0104394153336252,2.81913286799016e-16,0.00637876997726324,0.0352873118097117,0.00801563984592912,0.986497257270571,0.104322594529388,0.0403885960145358,0.15352760693238,8.51613053872027e-16,9.77602526803039e-17,5.01305481767605e-16,2.91575637354627e-16
13.7068965517241,0.0269504727595118,0.0103714972262606,2.81913286799016e-16,0.00893992482593133,0.0385930595038193,0.00801746829544887,0.988089980812652,0.109721214473493,0.0426346032112187,0.15346782297005,8.51613053872027e-16,9.77602526803039e-17,5.01305481767605e-16,2.91575637354627e-16
14.0948275862069,0.0267079893727735,0.0103002183906469,2.81913286799016e-16,0.0124103866431734,0.0419695470470795,0.00801971745045154,0.989248917923641,0.114563333253099,0.0447035152675219,0.153275371045067,8.51613053872027e-16,9.77602526803039e-17,5.01305481767605e-16,6.15548567748658e-16
14.4827586206897,0.0265158398385503,0.0102276275769182,2.81913286799016e-16,0.0165215024690545,0.0453595565838139,0.00802241966417168,0.990158755221406,0.118867954895675,0.0465949071499719,0.152996148131399,6.31841943195375e-16,0,5.01305481767605e-16,9.39521498142688e-16
14.8706896551724,0.0263667758272312,0.0101562885630389,1.87942191199344e-16,0.0215873827770721,0.048789056382934,0.00802868723985136,0.9910030111839,0.122860706052967,0.0483410216173096,0.152744435100719,6.31841943195375e-16,9.77602526803039e-17,5.01305481767605e-16,6.15548567748658e-16
15.2586206896552,0.0262541952523486,0.0100919369742218,1.87942191199344e-16,0.0274522314464529,0.052047104746845,0.00803746596568878,0.991677579623797,0.126248129908197,0.0499069275341236,0.152485097938029,8.51613053872027e-16,9.77602526803039e-17,3.22267809707746e-16,6.15548567748658e-16
15.6465517241379,0.0261821605279602,0.0100363608687647,2.81913286799016e-16,0.034114378098423,0.0550446947022183,0.00803887114278882,0.992104299199509,0.129186042130791,0.0513058682866471,0.152205575834913,6.31841943195375e-16,9.77602526803039e-17,5.01305481767605e-16,6.15548567748658e-16
16.0344827586207,0.0261542316318693,0.00999089683952092,2.81913286799016e-16,0.0414086878326284,0.0576991379882523,0.00804518179036168,0.99225524762881,0.131688886968139,0.0525344711568716,0.152002071291199,6.31841943195375e-16,9.77602526803039e-17,5.01305481767605e-16,6.15548567748658e-16
16.4224137931034,0.0261392236462368,0.00995944541578671,9.3971095599672e-17,0.0490403849099358,0.0599815816502349,0.00805325965673734,0.992344962019825,0.133767557190055,0.053588634515981,0.151821992764817,4.12070832518723e-16,9.77602526803039e-17,6.80343153827464e-16,6.15548567748658e-16
16.8103448275862,0.0261347436820631,0.00994193861005209,9.3971095599672e-17,0.0572150869745841,0.0618074950097208,0.00806264162574943,0.992345302681997,0.135432955884897,0.0544655783934651,0.151727608864451,6.31841943195375e-16,1.95520505360608e-16,8.23573291475351e-16,6.15548567748658e-16
17.198275862069,0.0261331104308255,0.00993863390774948,1.87942191199344e-16,0.0655474417463342,0.063057023178673,0.00807399651998405,0.992335859284183,0.136488022478433,0.0550629304945559,0.151671589678863,6.31841943195375e-16,1.95520505360608e-16,5.01305481767605e-16,2.91575637354627e-16
17.5862068965517,0.0261213313790658,0.00995266480354801,1.87942191199344e-16,0.0738740189787026,0.064057514642392,0.00808853862051214,0.992241523690047,0.137609003025323,0.0555998016136048,0.151742161778743,8.51613053872027e-16,9.77602526803039e-17,6.80343153827464e-16,2.91575637354627e-16
17.9741379310345,0.0261074266753988,0.00997926898887851,2.81913286799016e-16,0.0819555020440011,0.0646510122932249,0.00810937482138703,0.992096449464101,0.138500908170944,0.0560438968598005,0.151903205494071,8.51613053872027e-16,9.77602526803039e-17,5.01305481767605e-16,2.91575637354627e-16
18.3620689655172,0.0260909325955948,0.0100158829348075,2.81913286799016e-16,0.0897085087198886,0.0648972467718007,0.00813788868014087,0.991918335591084,0.139226690419937,0.056399325876394,0.152150831166911,8.51613053872027e-16,9.77602526803039e-17,5.01305481767605e-16,2.91575637354627e-16
18.75,0.0260616565097843,0.0100650118273922,2.81913286799016e-16,0.0969768463811556,0.0651354852851181,0.00817385413925734,0.991717150855614,0.140121657793696,0.0566696379722133,0.152517444556935,8.51613053872027e-16,9.77602526803039e-17,5.01305481767605e-16,6.15548567748658e-16
19.1379310344828,0.0260284927148985,0.0101234832493337,2.81913286799016e-16,0.103675752386715,0.0650786899525397,0.00822109862856994,0.991501697210163,0.1409876762576,0.0568505807221861,0.152995741367443,6.31841943195375e-16,0,5.01305481767605e-16,9.39521498142688e-16
19.5258620689655,0.0259948389101454,0.0101917939858154,1.87942191199344e-16,0.109759882524727,0.0652831445079711,0.00827630234656634,0.991297266493462,0.142222833872378,0.0570496380955453,0.153531098588463,6.31841943195375e-16,9.77602526803039e-17,5.01305481767605e-16,6.15548567748658e-16
19.9137931034483,0.025973144800676,0.010272792681027,1.87942191199344e-16,0.115215185572208,0.0656232769022058,0.00834081095672791,0.991264863190807,0.143597418904086,0.0572742063970586,0.15413819412403,8.51613053872027e-16,9.77602526803039e-17,3.22267809707746e-16,6.15548567748658e-16
20.301724137931,0.0259721820226222,0.0103646067568574,2.81913286799016e-16,0.120059075020257,0.0660737423233604,0.0084159777897169,0.991220346736241,0.14513232946574,0.0574832960730434,0.154784170927977,6.31841943195375e-16,9.77602526803039e-17,5.01305481767605e-16,6.15548567748658e-16
20.6896551724138,0.0259809284170737,0.0104678514230094,2.81913286799016e-16,0.124340222216563,0.066870319472149,0.00849867394028465,0.991434311276111,0.147244410386079,0.0578086926207764,0.15548007279998,6.31841943195375e-16,9.77602526803039e-17,5.01305481767605e-16,6.15548567748658e-16
21.0775862068966,0.026012484212008,0.0105847655478418,0.00062353039600601,0.128108701441219,0.0679001644571398,0.00858733499293141,0.991671637053086,0.149627147627918,0.0581684628563784,0.15621346298808,4.12070832518723e-16,9.77602526803039e-17,0.00121334317343418,6.15548567748658e-16
21.4655172413793,0.0260520410662749,0.0107134069761167,0.00137580155218921,0.131420601068339,0.0691788040840775,0.00868129662362126,0.992008266841374,0.152304839342951,0.0585834429294893,0.157015465224453,6.31841943195375e-16,1.95520505360608e-16,0.00267380632911975,6.15548567748658e-16
21.8534482758621,0.0261243461003684,0.0108488866177028,0.00253933873168579,0.134332549268103,0.070729309419163,0.00877624424125902,0.992486654103932,0.155364592902563,0.0590578590919452,0.157894735329023,6.31841943195375e-16,1.95520505360608e-16,0.00493704190752929,2.91575637354627e-16
22.2413793103448,0.0262262953577679,0.01099542435792,0.00388389287748476,0.136860895092388,0.0723082498418041,0.00887250840814138,0.993092817103732,0.158427349614745,0.0595856021952141,0.158740701187904,8.51613053872027e-16,9.77602526803039e-17,0.00756979441915635,2.91575637354627e-16
22.6293103448276,0.0263673557283721,0.0111457102497844,0.00581965683222108,0.139093112182911,0.0739358185299163,0.00896899959555734,0.993829642366478,0.161841380635304,0.0601001265835828,0.159613697310271,8.51613053872027e-16,9.77602526803039e-17,0.0113490343419157,2.91575637354627e-16
23.0172413793103,0.0265283806350017,0.0112941880940197,0.00844308726655264,0.141062129371312,0.0755688992347857,0.00906061569075236,0.994664744642473,0.16528830989033,0.0606324902331704,0.160492010828253,8.51613053872027e-16,9.77602526803039e-17,0.016446821253734,2.91575637354627e-16
23.4051724137931,0.0266896349027447,0.0114321421261387,0.0117385653185148,0.1424905710643,0.0768361192355482,0.00914543990367863,0.995659616714198,0.168515341975704,0.0610380491941723,0.16137644327456,8.51613053872027e-16,9.77602526803039e-17,0.0228436431273306,6.15548567748658e-16
23.7931034482759,0.0268352329977523,0.0115634959829292,0.0157152346917494,0.143890092025902,0.0783158880135665,0.00922030718496257,0.996610877615031,0.171872801502429,0.0615516268939386,0.162183442146691,6.31841943195375e-16,0,0.0305672250168134,9.39521498142688e-16
24.1810344827586,0.0269636370751377,0.0116808832636345,0.0204721443981423,0.145039075708672,0.0797124209123711,0.00928641412252025,0.997523036709254,0.175004143847472,0.0620540982876405,0.162921700468803,6.31841943195375e-16,9.77602526803039e-17,0.0398216354825403,6.15548567748658e-16
24.5689655172414,0.0270620545171389,0.0117811243303628,0.0261155521554566,0.146167929471606,0.0809727586188295,0.00934219881264749,0.99837784297896,0.177949543149022,0.0625210166959453,0.163570284591077,8.51613053872027e-16,9.77602526803039e-17,0.0507917662106969,6.15548567748658e-16
24.9568965517241,0.027096353491941,0.0118544590154491,0.0324682898390402,0.147285234134133,0.0820898097199033,0.009388862077491,0.999071605997816,0.180827731214933,0.062965616628281,0.164121894193376,6.31841943195375e-16,9.77602526803039e-17,0.0631310398477637,6.15548567748658e-16
25.3448275862069,0.027092946142309,0.0119041004950229,0.0395468290259603,0.148185069624274,0.0831441919587415,0.0094247748580127,0.999574587872683,0.183538719079707,0.0634082652449275,0.164453535284259,6.31841943195375e-16,9.77602526803039e-17,0.0768805712719728,6.15548567748658e-16
25.7327586206897,0.027052725740722,0.0119232098863571,0.0471700175361729,0.148798754090624,0.0842410482518292,0.00945461959948963,0.999890844431403,0.186269998354807,0.0638745959323146,0.164672780772828,4.12070832518723e-16,0.000222672960414476,0.0916797009196566,6.15548567748658e-16
26.1206896551724,0.0269996945423392,0.0119146936209443,0.0551661214080278,0.149435816814316,0.0855008131908625,0.00947658373393903,1,0.189136646266456,0.0643948139039992,0.164666879826463,6.31841943195375e-16,0.000885872285968592,0.107205005441586,6.15548567748658e-16
26.5086206896552,0.0269404186059252,0.0118847160601523,0.0632931605620669,0.14991281868603,0.0870020065111961,0.00949067723731684,0.999799477663909,0.192120252553232,0.0649824414985439,0.164472163250522,6.31841943195375e-16,0.00166309871882463,0.122984010460888,2.91575637354627e-16
26.8965517241379,0.0269101510770585,0.0118381852380816,0.0714904638641,0.150460967639629,0.088945426632266,0.00950026821749593,0.999357795425896,0.195607219524906,0.0656860739284278,0.164075861898675,8.51613053872027e-16,0.00290471796062865,0.138898161380379,2.91575637354627e-16
27.2844827586207,0.0269068069116826,0.0117823395256781,0.0794679945830981,0.15106652124129,0.0913932872335081,0.00951059324474822,0.998747283800585,0.199769749742925,0.0665081987533645,0.1635021483675,8.51613053872027e-16,0.00459723450061254,0.154378291880624,2.91575637354627e-16
27.6724137931034,0.0269421520931053,0.0117243455358855,0.0871104657860409,0.151800945397992,0.0944415253828421,0.00951964886371319,0.997953225396567,0.204457624984892,0.0674560587333486,0.16278540193566,8.51613053872027e-16,0.00675414854876197,0.16921149747756,2.91575637354627e-16
28.0603448275862,0.0270380649976409,0.0116660306542656,0.0942536280156667,0.152679051030013,0.09820000733054,0.00953722099974849,0.997152505051759,0.209670690179716,0.0685259281154424,0.162062410471894,8.51613053872027e-16,0.00960586689583139,0.183048381689544,6.15548567748658e-16
28.448275862069,0.027177519946617,0.0116167205236565,0.100770364856411,0.153371626190004,0.102491058713273,0.0095613680829335,0.996372109506829,0.215136741299358,0.0697029526486791,0.161381851519112,6.31841943195375e-16,0.0130370995780372,0.195693528473175,9.39521498142688e-16
28.8362068965517,0.0273699892547617,0.0115771922917312,0.106577419509919,0.154138086319049,0.107268433002931,0.00959100959681758,0.995529122457568,0.220945727122075,0.0709616031986273,0.160711378248468,6.31841943195375e-16,0.0170026628704346,0.206944691788619,6.15548567748658e-16
29.2241379310345,0.0276131621528793,0.0115540845512461,0.111732472116955,0.154999720088044,0.112544638552848,0.00963008556833082,0.994674556971578,0.227002022045114,0.0722524857478342,0.160120855372179,8.51613053872027e-16,0.0218773905574435,0.216948828543047,6.15548567748658e-16
29.6120689655172,0.027884782599379,0.0115465989370422,0.116148784846156,0.155998262501052,0.118240158871284,0.00968072872028512,0.993963131663104,0.233347597103473,0.0735885300272305,0.159734626857345,6.31841943195375e-16,0.0273467738058596,0.225507003882534,6.15548567748658e-16
30,0.0281645043838132,0.0115535231612912,0.11994947688253,0.15696673856087,0.12419045437286,0.00974533428248936,0.993371529135712,0.239749384986159,0.0748776648318616,0.159631195322444,6.31841943195375e-16,0.0334480621815944,0.232878939693732,6.15548567748658e-16
30.3879310344828,0.0284635414037762,0.0115673166191067,0.123149220651478,0.158009934095505,0.13020793810051,0.00982398414245517,0.992958769650147,0.246053518157483,0.0761810604923576,0.159816263473158,4.12070832518723e-16,0.0401310956940512,0.239087878996787,6.15548567748658e-16
30.7758620689655,0.028749714026453,0.0115841235681171,0.125820686512586,0.159056682278634,0.136357583378752,0.00991203489896808,0.99270983820506,0.25230189484541,0.0774010293099765,0.160210053054726,6.31841943195375e-16,0.0471413011228361,0.244261157490486,6.15548567748658e-16
31.1637931034483,0.0290188628081047,0.0115904740903215,0.128033335088653,0.160115764570063,0.142325073516379,0.0100075081953565,0.992601433080916,0.258329814243176,0.0785034871627695,0.160903745965421,6.31841943195375e-16,0.0543305938815777,0.248488430984648,2.91575637354627e-16
31.551724137931,0.0292738920300429,0.0115854453265517,0.129858987678861,0.16116114041309,0.148196270417212,0.010114131731066,0.99257344876706,0.264252396767346,0.0795310911085475,0.161962969962982,8.51613053872027e-16,0.0614959724764965,0.251944404827355,2.91575637354627e-16
31.9396551724138,0.0295156607450817,0.0115666714788526,0.131365676882892,0.162151497921459,0.153931643116347,0.0102315023599026,0.992642620848156,0.270035174240157,0.0804953153076973,0.163193724287707,8.51613053872027e-16,0.0684555257486032,0.254788267843956,2.91575637354627e-16
32.3275862068966,0.0297449049110135,0.0115251368901578,0.132615287448422,0.163046510853812,0.15943030914031,0.010356110122391,0.992579078703359,0.275542786924395,0.0813792203917408,0.164644708944999,8.51613053872027e-16,0.0750582812399774,0.257115090464505,2.91575637354627e-16
32.7155172413793,0.0299368420090185,0.0114568737900969,0.133391262615576,0.163852265509435,0.164694373183418,0.0104840736253973,0.992613026515757,0.280781737485979,0.0821731668539437,0.166209164532956,8.51613053872027e-16,0.0812659753301369,0.258505879203802,6.15548567748658e-16
33.1034482758621,0.0301093349019256,0.0113568161464978,0.134177978570211,0.164501134697535,0.169704508337202,0.0106118186433508,0.992402913536845,0.28577377033442,0.0829176821273639,0.167836820503138,6.31841943195375e-16,0.0868857952224852,0.259899316596335,9.39521498142688e-16
33.4913793103448,0.0302622858667775,0.0112307521433014,0.134842302036187,0.165069581821227,0.174496514580595,0.0107335809159391,0.991916828851752,0.290666010826319,0.0836107369928955,0.169451370611944,6.31841943195375e-16,0.091922908954361,0.261053229420007,6.15548567748658e-16
33.8793103448276,0.0303919916729257,0.0110800198881634,0.135573413392651,0.165535474766421,0.179129743358742,0.0108464663341374,0.991099055024556,0.295468243787322,0.0843236685752172,0.171087582382947,8.51613053872027e-16,0.0964332535109111,0.262350107691058,6.15548567748658e-16
34.2672413793103,0.0304890461787687,0.010908296776574,0.136154057935375,0.165960277949621,0.183585116169371,0.0109494420067263,0.98989747033772,0.299925727256196,0.0850481994621261,0.172685222016153,6.31841943195375e-16,0.100377737500468,0.263379161300581,6.15548567748658e-16
34.6551724137931,0.0305740430181387,0.0107186925936515,0.136650528429509,0.166324154697958,0.187974720344184,0.0110419383413735,0.98830221592902,0.304448332102183,0.0857816228228994,0.174186840558704,6.31841943195375e-16,0.103925380573604,0.26426280965193,6.15548567748658e-16
35.0431034482759,0.0306459634942409,0.0105207002653769,0.13715051840258,0.16668716289627,0.192104632064976,0.0111243426107057,0.986281410739426,0.308752467185995,0.0865313270672307,0.175607686211467,4.12070832518723e-16,0.107030626572547,0.265179003069566,6.15548567748658e-16
35.4310344827586,0.0306960903232727,0.0103125635756508,0.137667811225655,0.167054855068725,0.196120578073552,0.0111964061729151,0.983968478635143,0.312876325005403,0.08727299802469,0.176939652187539,6.31841943195375e-16,0.109851202703599,0.266155478154919,6.15548567748658e-16
35.8189655172414,0.0307167235494881,0.0101013467640021,0.138145196624645,0.167492826846196,0.199974312092506,0.0112585936632039,0.981319450153692,0.317091228299095,0.0880251788788175,0.178170378679098,6.31841943195375e-16,0.112386786721389,0.267083838814285,2.91575637354627e-16
36.2068965517241,0.0307087170755095,0.00989138333058282,0.138537379948843,0.167995038749475,0.203834709805509,0.011315574067096,0.978393956118098,0.321334582706149,0.0888139284595102,0.179328125647571,8.51613053872027e-16,0.114664306068673,0.267894239562874,2.91575637354627e-16
36.5948275862069,0.030644961937898,0.00969199387492286,0.138939122449021,0.168588134846628,0.207612442597659,0.0113680884226137,0.97530798568802,0.325623788594241,0.0896147795036004,0.180381972197888,8.51613053872027e-16,0.116696509008127,0.268767907519067,2.91575637354627e-16
36.9827586206897,0.0304923183178407,0.00950245949909661,0.13929862301174,0.169341104491854,0.211521320945796,0.0114206807310907,0.972062907922274,0.330083833394894,0.0904223110510871,0.181385398694411,8.51613053872027e-16,0.118515669266955,0.269551274196623,2.91575637354627e-16
37.3706896551724,0.0302581263498533,0.00932762933118957,0.139621763842034,0.170136472415135,0.215533621230861,0.0114762551458016,0.968675845690787,0.334686439812578,0.0912244468402768,0.182345678422492,8.51613053872027e-16,0.119979472039102,0.270322096299518,6.15548567748658e-16
37.7586206896552,0.0299152021807166,0.00916557151891295,0.139918579614566,0.171036598588603,0.219513357311168,0.011538278235492,0.965234930443216,0.339315682028733,0.0920141844224147,0.183314346254853,6.31841943195375e-16,0.121094661029452,0.271055858210049,9.39521498142688e-16
38.1465517241379,0.0294630283981722,0.0090145215407802,0.140205241052214,0.171971901031136,0.223481165201283,0.0116050546392688,0.961758667156883,0.343999732057274,0.092786624673094,0.184280797559611,6.31841943195375e-16,0.122135549928709,0.271764420524776,6.15548567748658e-16
38.5344827586207,0.0288868050082068,0.00888170580396144,0.140399818338248,0.172938446739109,0.227405957499153,0.0116766968702795,0.958193991265359,0.348636344136868,0.0935387585028838,0.185195408718659,8.51613053872027e-16,0.122945549158782,0.272285849523633,6.15548567748658e-16
38.9224137931034,0.0281978382506918,0.00876092795035859,0.140582794670217,0.173927422044022,0.231226050625985,0.0117522359448575,0.954584288214415,0.353083838554702,0.0942843122976731,0.186052658304159,6.31841943195375e-16,0.123593311431962,0.272766952441877,6.15548567748658e-16
39.3103448275862,0.0273974292696174,0.00865601624292862,0.140730586049091,0.174913634289739,0.234740233947733,0.0118287528934435,0.950913174409121,0.357447486168844,0.0949988466252571,0.186809939359621,6.31841943195375e-16,0.124183908486232,0.273135526174754,6.15548567748658e-16
39.698275862069,0.0264912369315161,0.00856739683089955,0.140861131316978,0.175940873354926,0.237839308632899,0.0119043266117694,0.947243383236486,0.361752955346807,0.0956923618640747,0.187365167906668,4.12070832518723e-16,0.12463922340656,0.273429157566707,6.15548567748658e-16
40.0862068965517,0.0255236775641123,0.00849299754799199,0.140986321040164,0.176945568889205,0.240675191484801,0.0119820891898777,0.943597427077824,0.365887387604113,0.0963641603443889,0.187660877843932,6.31841943195375e-16,0.125113285528365,0.273606153412286,6.15548567748658e-16
40.4741379310345,0.0245118454669217,0.00843249594762201,0.141121432119407,0.177837559150597,0.243018254808751,0.0120622072694012,0.939987901517728,0.369689091945906,0.097012635439092,0.187713310580205,6.31841943195375e-16,0.125595611964539,0.273721029421065,2.91575637354627e-16
40.8620689655172,0.0234870779593218,0.00837977732751252,0.141231042482913,0.178577050516201,0.244775712861672,0.0121415518784898,0.936271580961023,0.373067008409894,0.0976297292957111,0.187395574101873,8.51613053872027e-16,0.125944832383161,0.273709384432788,2.91575637354627e-16
41.25,0.0224762484471494,0.00834150137061641,0.141374933614522,0.179142524381221,0.246175442331091,0.0122206767969357,0.932506878547862,0.376391674151465,0.0982188903040387,0.186688893863233,8.51613053872027e-16,0.126341634832721,0.273632369266028,2.91575637354627e-16
41.6379310344828,0.0215387682122565,0.00830887223139451,0.141500179604465,0.179603394235213,0.247249162088985,0.0122986105200952,0.928687737528232,0.37956320134036,0.0987763130888598,0.185592838398845,8.51613053872027e-16,0.126721955282887,0.273409169606425,2.91575637354627e-16
42.0258620689655,0.0206674561007352,0.00828515855909656,0.141648520930482,0.179864353070796,0.247973274425548,0.012376374677371,0.924868941603836,0.382591314104752,0.0992878276004358,0.184157430247298,8.51613053872027e-16,0.127100899168621,0.273096904310979,6.15548567748658e-16
42.4137931034483,0.0198832475223895,0.00826785829144008,0.141819563822278,0.179940983581436,0.248430509154627,0.0124514949973964,0.921041205876701,0.385507978514237,0.0997690804988584,0.182439895317718,6.31841943195375e-16,0.127503725603946,0.272706716923692,9.39521498142688e-16
42.801724137931,0.0191861302297754,0.00825845691586249,0.142019058654337,0.179835079583432,0.248779899416437,0.0125240401785156,0.917281751925656,0.388357593975414,0.100205408210523,0.180449102029403,6.31841943195375e-16,0.127903120239771,0.272175285799212,6.15548567748658e-16
43.1896551724138,0.0185873944843521,0.00825241610271064,0.142249829724879,0.179570938169225,0.249207178447924,0.0125888167374152,0.913614584450577,0.391187675558247,0.100579820189064,0.178190028367914,8.51613053872027e-16,0.128321478466894,0.271515577532536,6.15548567748658e-16
43.5775862068966,0.0180935335739396,0.00824528616999446,0.142578297587808,0.179212398247874,0.249727536176948,0.012644036181513,0.910080680987876,0.394149336997144,0.100891383885015,0.175829575049199,6.31841943195375e-16,0.128732464746281,0.270759773282174,6.15548567748658e-16
43.9655172413793,0.0177028130646799,0.00824197937911187,0.142914294944067,0.178802505235944,0.250697209166001,0.012690791171615,0.906534413101248,0.397368916070593,0.101192243725191,0.173375501173591,6.31841943195375e-16,0.129120169983093,0.269944671449074,6.15548567748658e-16
44.3534482758621,0.0174082184373258,0.0082407611734149,0.143294203862252,0.178316027282706,0.252296940133573,0.0127313951168238,0.90295840709838,0.400891755246478,0.10150775822617,0.170946823078853,4.12070832518723e-16,0.129444548513069,0.268987699024586,6.15548567748658e-16
44.7413793103448,0.0172304252798832,0.0082412826624135,0.143791870903964,0.177834189956182,0.254453519313931,0.0127620333579451,0.899403772940349,0.404665948831739,0.101814656624848,0.168481408519912,6.31841943195375e-16,0.129811104854324,0.267961507343469,6.15548567748658e-16
45.1293103448276,0.0171588472797459,0.00823861259009552,0.144403930592848,0.177317109046099,0.257198763398988,0.0127835032753498,0.895745796375283,0.408655876805846,0.102110490219175,0.166050506882585,6.31841943195375e-16,0.130171893930234,0.266864870708478,2.91575637354627e-16
45.5172413793103,0.0171794833758018,0.00823428714823448,0.145090721712789,0.176856228232714,0.260595250851132,0.0127950992929909,0.891957145592385,0.413069090691662,0.102395197624416,0.163676743589323,8.51613053872027e-16,0.130482400667684,0.265702394969168,2.91575637354627e-16
45.9051724137931,0.0173007777162175,0.00822651274844641,0.14589248439356,0.176429182108128,0.264632081910037,0.0127986348122867,0.887943222004167,0.41787500206326,0.102717240462838,0.161325251205132,8.51613053872027e-16,0.130838299310569,0.264511879421453,2.91575637354627e-16
46.2931034482759,0.0174886596177684,0.00821560467352788,0.146790601350366,0.176114077740945,0.269232217792959,0.0127922412646954,0.883663828697938,0.423092337397196,0.103084832803869,0.158988673618757,8.51613053872027e-16,0.131160716868469,0.26330109673333,2.91575637354627e-16
46.6810344827586,0.0177926923292238,0.008200931219225,0.147785922901354,0.175879640132087,0.274324578964578,0.0127756663272977,0.879137484630202,0.428726815737919,0.103517184386777,0.156679948160301,8.51613053872027e-16,0.131514098741011,0.262134922607451,6.15548567748658e-16
47.0689655172414,0.0181648717184904,0.00818295156355844,0.148886366318198,0.175754096415712,0.279636132559804,0.0127583269212232,0.874349305716387,0.434647084649469,0.104023053921341,0.154442534719617,6.31841943195375e-16,0.13188899879172,0.26100071881583,9.39521498142688e-16
47.4568965517241,0.0185756136877801,0.00816100123737448,0.15000714909567,0.175713114657208,0.284987606218178,0.012741925217568,0.869391640478367,0.440645524001582,0.104595142719182,0.152284872861438,6.31841943195375e-16,0.13227944638783,0.259999036493237,6.15548567748658e-16
47.8448275862069,0.0190054940375623,0.00813395577918545,0.151305269971093,0.175744641145342,0.290184839333774,0.0127272699534712,0.86430942460225,0.446759413654442,0.105217527622145,0.150223418270702,8.51613053872027e-16,0.132740117276305,0.259080602294958,6.15548567748658e-16
48.2327586206897,0.0194376988808074,0.00810523323629299,0.152734810547168,0.175900882752506,0.295225359736573,0.0127133758522639,0.859171634098085,0.453014537768799,0.105914204954326,0.148304450321737,6.31841943195375e-16,0.13324727207004,0.258349748967131,6.15548567748658e-16
48.6206896551724,0.0198445165863509,0.0080709078633354,0.154158811193313,0.176145083191441,0.299821913701501,0.012703134208523,0.854170971220092,0.459259720916734,0.106670060377508,0.146556707848211,6.31841943195375e-16,0.133768304101917,0.257786475633572,6.15548567748658e-16
49.0086206896552,0.0201908349506666,0.00804142204812459,0.155711906949507,0.176499532930785,0.303964030780655,0.0126985907652448,0.849324394250018,0.465420559224484,0.107466901247599,0.144968270918485,4.12070832518723e-16,0.134346913548146,0.257420455431617,6.15548567748658e-16
49.3965517241379,0.0205040525105649,0.00801192488331054,0.157295083173703,0.176903155709533,0.307595578517759,0.0126952542344091,0.844629868523072,0.471547619725687,0.108282875970432,0.143524663749507,6.31841943195375e-16,0.134942839985264,0.257205907751083,6.15548567748658e-16
49.7844827586207,0.0207444622686624,0.0079842949549253,0.158907744666708,0.177410257934715,0.310669373721559,0.0126951649141082,0.840189431699759,0.477523155036416,0.109099762207194,0.142241993794453,6.31841943195375e-16,0.135543720347951,0.257199608919965,2.91575637354627e-16
50.1724137931034,0.0208967177584619,0.00795810675217898,0.160523262006052,0.177983623939069,0.313146002379897,0.0126955021121621,0.83601703321087,0.483357973915292,0.109897768825764,0.141148037294853,8.51613053872027e-16,0.136170366249123,0.257350375898807,2.91575637354627e-16
50.5603448275862,0.0209663711912402,0.00793948830712245,0.162114664142475,0.178648734799811,0.315160407037654,0.0126943807186039,0.832180069960932,0.489101593309994,0.110676984769076,0.14020001625576,8.51613053872027e-16,0.136771019843696,0.257665834105658,2.91575637354627e-16
50.948275862069,0.02094140636633,0.00792449327152834,0.163675956533926,0.17942821973218,0.31674740016131,0.0126885996193835,0.828631678933279,0.494683634446684,0.111414620329476,0.139385050546125,8.51613053872027e-16,0.13739959099844,0.25811051908607,2.91575637354627e-16
51.3362068965517,0.020842372201185,0.00791462991300455,0.16520213559591,0.180320414660109,0.317862498864163,0.0126769098650744,0.825292646256952,0.500176803417965,0.112098302931038,0.138765774704888,8.51613053872027e-16,0.138007821534581,0.258700387700497,6.15548567748658e-16
51.7241379310345,0.020649188201371,0.00790950771477207,0.166683427410298,0.181345071509453,0.318596337401578,0.0126584189056806,0.822116131453742,0.505664263336053,0.11271338024997,0.138282558233444,6.31841943195375e-16,0.138578858007778,0.259378890278829,9.39521498142688e-16
52.1120689655172,0.0203922929291291,0.00790656063990495,0.168126420101242,0.18253742234822,0.319134352338644,0.0126325889594338,0.819123650954612,0.511151731847649,0.11326720783572,0.13788317856003,0.000895533976562036,0.139185331861613,0.260188300917978,6.15548567748658e-16
52.5,0.0200832788641032,0.0079109215460641,0.169528903357346,0.183893404329219,0.319499766397776,0.0125982318340928,0.816282722147066,0.516733258494667,0.113761902548829,0.137586725449644,0.00224057207262252,0.139812638906229,0.261057905013279,6.15548567748658e-16
52.8879310344828,0.0197603126080462,0.00791752045254536,0.170902792590029,0.185403807068871,0.319741289410908,0.0125562463190057,0.813330200031255,0.522025025918407,0.114201443982952,0.137365948764934,0.00423814974456281,0.14050778926334,0.262051222016668,6.15548567748658e-16
53.2758620689655,0.0194456202223763,0.00792738936617897,0.172248514618682,0.187019663322419,0.319859583150279,0.0125079847724097,0.810236327568182,0.527218592420697,0.114589877931237,0.13716250028502,0.00699718600069195,0.141202365763959,0.26312255944523,6.15548567748658e-16
53.6637931034483,0.0191541049008284,0.00793854882040946,0.17356328363402,0.188790462618193,0.320176152985115,0.0124547572821507,0.806970956248615,0.532434973453363,0.114938033207444,0.137038629896916,0.0106494876495363,0.141987039951034,0.264271972902023,6.15548567748658e-16
54.051724137931,0.0188936613224728,0.0079514980934347,0.174840368339296,0.19068562841308,0.320653585263189,0.0123999183930887,0.803523796558404,0.537497726307277,0.115241191524699,0.13695732218788,0.0151037719783997,0.142804501189002,0.265449741502086,6.15548567748658e-16
54.4396551724138,0.0186742563513183,0.00796224882290683,0.176108055938992,0.19263774171047,0.320960753823719,0.0123426664421879,0.799774845163503,0.542365520567768,0.115508620700137,0.1368599575441,0.0203689886236225,0.143728928161642,0.266665644667168,2.91575637354627e-16
54.8275862068966,0.018479340995572,0.00795545321555242,0.177354268148003,0.194622236128238,0.321276066808163,0.0122853661007016,0.7957369566026,0.547362371581034,0.115765305909443,0.136761797406173,0.0274079121613906,0.144739313184069,0.267844927119156,2.91575637354627e-16
55.2155172413793,0.0183237178792341,0.00794568896713788,0.178480739715143,0.196566498816294,0.321847563111099,0.012228872690432,0.791420073457677,0.552402082867644,0.116015168852303,0.136660582208586,0.0354903854654997,0.145856071266163,0.268990303925353,2.91575637354627e-16
55.6034482758621,0.0182346803387284,0.00793035266013464,0.179654885876719,0.19842389075392,0.32225883584078,0.0121721506983426,0.786851179700685,0.557293933393028,0.116215040369746,0.136460948909102,0.0448018496033094,0.14707331232167,0.270082537169751,2.91575637354627e-16
55.9913793103448,0.018173136274922,0.00790419370226842,0.180797092770239,0.200182827781447,0.322464149124684,0.0121149571705099,0.781982460878015,0.562091685011565,0.116395561927698,0.136167476789541,0.0554502607305031,0.148391782975657,0.271065830061083,6.15548567748658e-16
56.3793103448276,0.0181036884153922,0.00786313611200445,0.181867634799303,0.20179174054073,0.322525597269625,0.0120593820945084,0.776833772267455,0.566977872044555,0.116576882368128,0.135815432158876,0.0670814238827249,0.149798443665943,0.271909556055222,9.39521498142688e-16
56.7672413793103,0.01808005119993,0.00781154119383011,0.182876442541758,0.203241410664986,0.322420966163966,0.0120100375145743,0.771469288827323,0.571789151629545,0.116749094718716,0.135364490933639,0.0794358839040794,0.151302857859912,0.272624604135264,6.15548567748658e-16
57.1551724137931,0.0180964689278166,0.00773331407814633,0.18394175739638,0.204550710858386,0.32204722139225,0.0119571184753692,0.765864412375204,0.576617756351804,0.116918313219009,0.134791872469962,0.0922026988904798,0.15297362459425,0.273280673892869,6.15548567748658e-16
57.5431034482759,0.0181403085800184,0.00763758212938255,0.185022015377695,0.205667813203763,0.321118101059788,0.0119029663410061,0.759984508157784,0.581448379447933,0.11708326603522,0.134110863829137,0.105046491277043,0.154744043019173,0.273837382428504,6.15548567748658e-16
57.9310344827586,0.0182190071135551,0.00752742345898298,0.186151045225387,0.206634611786564,0.320010315160425,0.0118492197901056,0.753989471948378,0.586459749728902,0.117276303516496,0.133366343314613,0.117638113093303,0.156622988637516,0.274302979327246,6.15548567748658e-16
58.3189655172414,0.0183020298657807,0.0074076817075844,0.18733981081973,0.207415051632483,0.318537988699377,0.011795493339808,0.747811885538406,0.591560476052473,0.117461465365743,0.132529594203637,0.129726259501211,0.158600393089711,0.274633747634542,6.15548567748658e-16
58.7068965517241,0.0184190397654829,0.00727721932799149,0.188559577429009,0.208134016807349,0.316800104330731,0.0117408727560524,0.741772660979395,0.596972094634767,0.117643302480979,0.131610574128118,0.141012291454809,0.160581795289443,0.274993880716761,6.15548567748658e-16
59.0948275862069,0.0185455876177096,0.00714574437581506,0.189879147350197,0.208739930620399,0.314760796935919,0.011683745356622,0.735658344665258,0.602459949342267,0.117823664072005,0.130611506767359,0.151298754786747,0.162618802330642,0.27531529497912,2.91575637354627e-16
59.4827586206897,0.0187014753830082,0.00701254620388915,0.191170589882352,0.209305322203158,0.312606219522527,0.011625416949777,0.72958055303269,0.608053273862167,0.1180004455741,0.129582117551729,0.160609197578091,0.164702764130823,0.275706401962538,2.91575637354627e-16
59.8706896551724,0.018868105303123,0.00688543985478676,0.192495626524542,0.209842760103026,0.310274973028698,0.0115677627925368,0.723525916250554,0.613606404754951,0.118149505092599,0.128552689210252,0.16888753752357,0.166803782056467,0.276052499318655,2.91575637354627e-16
60.2586206896552,0.0190259187858125,0.00676825187362045,0.193858029026305,0.210359936599312,0.307888008197136,0.0115095780541677,0.717549644648518,0.618941193146296,0.118263874386851,0.127478557626681,0.176212479109959,0.168875957125215,0.276486927082163,2.91575637354627e-16
60.6465517241379,0.0191795237077283,0.00666441820723523,0.195188145148087,0.210872327810573,0.305377678259019,0.0114568406930555,0.711908011714134,0.62424799848009,0.118359595201005,0.126443934807005,0.182656096472746,0.170900475565891,0.276974458141985,6.15548567748658e-16
61.0344827586207,0.0192882527454262,0.00657879108746731,0.19652204785619,0.211440448069928,0.302967841194878,0.0114097573772934,0.706598608905876,0.629296196892501,0.118467132190781,0.125460176263878,0.188275987362449,0.17289987850161,0.277530663630151,9.39521498142688e-16
61.4224137931034,0.0193869615965799,0.006504768313836,0.197860602318116,0.212064324066614,0.300520174641669,0.0113677452661975,0.701469073344585,0.63407256988404,0.118559383769393,0.124523567190379,0.193235402603332,0.174942626781966,0.278163457957369,6.15548567748658e-16
61.8103448275862,0.0194550566439449,0.00645559663592653,0.199185528063857,0.21269930498252,0.298073241626733,0.0113292703860843,0.69652092840179,0.638424432849988,0.118644914091789,0.123605667096635,0.197614486012435,0.17692285338377,0.278916278536719,6.15548567748658e-16
62.198275862069,0.0195067241262523,0.00641857460550503,0.200432914378459,0.213313050296976,0.295524959461045,0.0112953873556506,0.691796910772445,0.6421994713586,0.118680098612724,0.12277061319192,0.201444362810962,0.178840506937199,0.279743322285322,6.15548567748658e-16
62.5862068965517,0.019538598271641,0.00640477069494434,0.201559794218459,0.213919555968255,0.292901054125714,0.0112716549360731,0.68736143227815,0.645464438223762,0.118731209190586,0.121944154970296,0.20481822511975,0.18063713238557,0.280652574317765,6.15548567748658e-16
62.9741379310345,0.0195482335407077,0.00640403465151933,0.202605692486303,0.214530099389097,0.29036238796524,0.011257953242492,0.683221771592494,0.648160851843671,0.118782252759323,0.121124783105992,0.20776473298243,0.182370910694954,0.281627300578252,6.15548567748658e-16
63.3620689655172,0.0195515288831213,0.00641422893362784,0.203589328258285,0.215196608241032,0.288002809177677,0.0112508692251671,0.679472592179003,0.650421256198987,0.118886648888925,0.120366923318683,0.210321180473592,0.184074830147157,0.282732129767718,0.000479925495370789
63.75,0.019519631292203,0.00642089234159486,0.204529087843752,0.215894914874147,0.285961378558034,0.0112478845392982,0.676018709950839,0.652352463986303,0.119036039441609,0.119673920821239,0.212192053341126,0.18586673227069,0.283992457016418,0.00135518367452204
64.1379310344828,0.0194532141607177,0.00643912223270529,0.20544916728878,0.216677663724959,0.284241013733115,0.011246237525838,0.672944065222862,0.654020264728664,0.119240617092421,0.119019524554102,0.213812445533137,0.18759991511847,0.285402038427354,0.0026256314328198
64.5258620689655,0.0193843462888069,0.0064563491677319,0.206315124056729,0.217563074562454,0.282838351019575,0.0112415941763164,0.670129671675446,0.655573040214691,0.119485980705522,0.118363715912973,0.21519133004627,0.189292471702011,0.28689579822333,0.00437996302472635
64.9137931034483,0.0192882026478357,0.00646011982235502,0.207144329242089,0.218540627638129,0.281626343566778,0.0112299230219286,0.667499029995718,0.657067973275065,0.119753908234335,0.117646617986899,0.216376320312574,0.191000170577684,0.288456476227444,0.00674418758117461
65.301724137931,0.0191964059962317,0.00646236920920387,0.207955307911965,0.21963535826198,0.280648603810099,0.0112064769341347,0.664780655423196,0.658627988162125,0.12004043988767,0.116822649145497,0.217458290440987,0.192748035541444,0.290094603051612,0.00986212895410768
65.6896551724138,0.0191006012054656,0.00644760023130978,0.208783041250993,0.220880635203847,0.279923302739974,0.0111709778573744,0.662030528366841,0.660416572999928,0.120345128677749,0.115910684524125,0.218512444474219,0.194537840021656,0.291795189271939,0.0137671914935387
66.0775862068966,0.019017055356505,0.00642700454331896,0.209495690881611,0.222264519593708,0.279611981736891,0.0111221117121307,0.659475498993903,0.662317292698929,0.120627211211779,0.114887734883517,0.21952430674875,0.196244671068959,0.29352382269902,0.0183398932078887
66.4655172413793,0.0189514185488126,0.00640363173956073,0.210114479997451,0.223733035815049,0.279406215616168,0.0110658388331676,0.656970659754724,0.664221633128014,0.120851973258027,0.113681231641724,0.220030123718459,0.197834478165438,0.295168044623971,0.0241117831677345
66.8534482758621,0.0188030646036888,0.0063668262618826,0.210656656875758,0.225232246671658,0.279012831164126,0.0109975105134261,0.654134546808168,0.666174960534749,0.121013658253698,0.112267971154195,0.220643454449988,0.199312695270339,0.296678610268063,0.0308550941865903
67.2413793103448,0.0186214038854128,0.00632131035759043,0.211050992929152,0.226764747366833,0.278624285463705,0.0109222555159832,0.651054740421249,0.668346320894333,0.121130297500507,0.11065304210135,0.221201174623814,0.200673755855159,0.298058988860109,0.0385408933464009
67.6293103448276,0.018423469175392,0.00627473003323613,0.211335134708359,0.228266371438501,0.278117058143791,0.0108444101342767,0.647607266710138,0.670602047887355,0.121160409556314,0.108840865567877,0.221575329766672,0.201879621757897,0.29928230505049,0.0469964793857753
68.0172413793103,0.0181940478393112,0.00623369362490551,0.211512434762747,0.229702126066699,0.27741108472615,0.0107680872533019,0.643850683121564,0.672686175746411,0.121111858976019,0.106777445179772,0.222008240974762,0.20293775194611,0.300239752127914,0.0558817228235027
68.4051724137931,0.0178876791200654,0.006196855872488,0.21160409556314,0.231028312433983,0.276352034829649,0.0106941101036283,0.639742023129444,0.67458910931871,0.120993504072988,0.104522397018974,0.222468267660222,0.203865159447919,0.300969297077531,0.0651544225491754
68.7931034482759,0.017505875982022,0.00617372090657725,0.211570165594001,0.232207691365009,0.275032571491193,0.0106322745593792,0.635081857087994,0.676381598235571,0.120826624021731,0.102088952815603,0.222948333625165,0.204677154055996,0.301467333849519,0.0742755658000644
69.1810344827586,0.0170307248818847,0.00615280992459837,0.211453026041917,0.233279107981964,0.273574000046054,0.0105808572707363,0.629993394195716,0.678054977823097,0.120621829393009,0.0995153874486464,0.223425201801719,0.205378838569646,0.301764255958,0.0834563175410819
69.5689655172414,0.0164462204597717,0.00614598586666506,0.21126510724594,0.234216401260463,0.271753271317479,0.0105407568075811,0.624240958900134,0.679422490312816,0.120385051838104,0.0968012184316553,0.223971032752312,0.205993385935634,0.30196921493363,0.0924638867683367
69.9568965517241,0.0157404262199793,0.00614660668012671,0.211019312491875,0.235055367163058,0.269816723074544,0.0105118980207669,0.618024465181643,0.680660536479539,0.120158477429721,0.0940348175014737,0.224613521618471,0.206531326213905,0.302042886128192,0.101274782050124
70.3448275862069,0.0149075651279112,0.0061603093791329,0.210767482956804,0.235748676421402,0.267738928182236,0.0104915989182339,0.611271801307796,0.6815289414838,0.119943158849053,0.0912810381334911,0.225377253731046,0.207054546506946,0.30199074915904,0.108920673789562
70.7327586206897,0.0139574822318041,0.006181903215593,0.210479158687954,0.236362136361961,0.265582821233188,0.0104803500962344,0.604070903578747,0.682354769747991,0.119753332887839,0.0886234074236166,0.226242862274266,0.207543420893515,0.301929003539229,0.115754717033762
71.1206896551724,0.0128826638342822,0.00621204566483749,0.210148418496239,0.236870822705298,0.263311786098744,0.010475346490596,0.596396055822137,0.683000722672151,0.119599517365255,0.0860826291529017,0.227151367174232,0.2080247247165,0.301887420173262,0.121750786738273
71.5086206896552,0.0117144232231896,0.00623462871334521,0.209830850876255,0.237261960811622,0.261019621652071,0.0104743513633517,0.588327511151745,0.683637635228965,0.119488418316697,0.0836636777376708,0.228126404962758,0.208549833413691,0.301934136034626,0.126967698320297
71.8965517241379,0.0104829020682417,0.00626380311269118,0.209520070654863,0.237587116343989,0.25856185215405,0.0104799800894393,0.579830577830517,0.684106499898193,0.119398663358965,0.0814687427989943,0.229086699128053,0.2091172678297,0.30206228934077,0.131421345659383
72.2844827586207,0.00921413183470538,0.00629375424800292,0.209195319238128,0.23784143521808,0.256064380701479,0.0104841416008108,0.570720144551962,0.684300341296928,0.119334276982344,0.0794813578870116,0.230116897808649,0.209728630663484,0.302303885646567,0.135370753633758
72.6724137931034,0.0079552120141606,0.00632197765387954,0.208885475279246,0.238001302295222,0.253646833125723,0.0104913523345852,0.561322558863802,0.684292693031602,0.119281978598496,0.0777372512485603,0.231236046748775,0.210354732685999,0.30264333643771,0.138879431633999
73.0603448275862,0.00672950130221161,0.00634996527216603,0.208597717453658,0.238103405685338,0.25129152999917,0.0105017834361975,0.551847823981834,0.684067757287994,0.119272529954412,0.076239284816091,0.232457563431834,0.211023382379232,0.303075528620585,0.142057957444317
73.448275862069,0.00558069906336196,0.00636783611569964,0.208351987179417,0.238161994072388,0.248996493370647,0.0105124002457192,0.542274492170487,0.683619689782733,0.119286380720186,0.0750703255841051,0.233735227722028,0.211802994476495,0.303574333511447,0.144925428315878
73.8362068965517,0.00452056992532038,0.006385107210543,0.208168721804947,0.238193313032991,0.246803616546929,0.0105293070071953,0.53245193108301,0.683013315777223,0.11932684362901,0.0741591604610075,0.235030549781361,0.212633486628631,0.304131942474666,0.147485297938097
74.2241379310345,0.00357883294065431,0.00639456364127355,0.20806210803815,0.238196814562002,0.244742258825975,0.0105446967510863,0.52238269126677,0.682281803679781,0.119372692290708,0.0735527461306615,0.236296756165002,0.213520569846083,0.304707496940368,0.14991226439061
74.6120689655172,0.00276397079526721,0.00640323949678101,0.207986368017521,0.238178064552771,0.242848815336364,0.0105608287878234,0.512344107253673,0.681484637252441,0.119418904986385,0.0731746469560605,0.23752720854704,0.21440525753438,0.305324723392403,0.152037730260256
75,0.00207723530163991,0.00641085087885538,0.207925592567425,0.238143141705202,0.241026757615497,0.0105816900871894,0.502543823064063,0.680591460174146,0.119468505242806,0.0729318186239311,0.238632156575285,0.215220080018134,0.305842954953119,0.153684498846471
75.3879310344828,0.00152387797271093,0.00642215808190458,0.20786588607311,0.23811524335591,0.239341306103965,0.0106111372541183,0.492916290459529,0.67964967335384,0.119534502471461,0.0728795445512797,0.239547051697899,0.21591296601639,0.306259856042007,0.154978845034343
75.7758620689655,0.00109071253532615,0.00642792068942778,0.20780164401513,0.238083136280364,0.237863027951187,0.0106433306638048,0.483498808088533,0.678763841406258,0.119590171520011,0.0729403665669885,0.240359710613268,0.216561509838307,0.306624954742789,0.155939947333825
76.1637931034483,0.000741685233468895,0.00641366207999499,0.2077516142592,0.238072607407829,0.236600286181281,0.0106784747824944,0.474373612466372,0.677823343876845,0.119639401701189,0.0731475062207368,0.240874539277969,0.217129546300734,0.306941008069826,0.156432785545807
76.551724137931,0.000482312140367689,0.00642222747724985,0.207694290215793,0.238114113447596,0.235496911663644,0.0107148550507071,0.46552100555367,0.676957171171167,0.119700498106757,0.0735007196003423,0.241151548957728,0.217622677672205,0.307242978394534,0.156641442196392
76.9396551724138,0.000290116008140057,0.00640871483884759,0.207617515531948,0.238126941610058,0.234618452992373,0.0107504906404993,0.456935034293784,0.676444342064233,0.119784853450515,0.0739370122834795,0.241134882458167,0.217983790513679,0.307474930764134,0.156487083253962
77.3275862068966,0.000158078775252961,0.00637870266358687,0.20745571876222,0.2381155641172,0.233830312312016,0.0107782981503434,0.448413036897725,0.675978949196269,0.119873943007082,0.0744156025623085,0.240810602014487,0.218269775067249,0.307627359695236,0.15599188361716
77.7155172413793,6.33334918186594e-05,0.00632849469190929,0.207359226671896,0.238107026208163,0.233023818633568,0.0108014789597172,0.439885383390111,0.675904209738473,0.119986065933575,0.0749009618943953,0.240253699360901,0.218563327300987,0.307688549360077,0.155447630052738
78.1034482758621,5.11536205885311e-17,0.00625574668897007,0.207256880923891,0.238106267630741,0.232258589827171,0.0108168976562644,0.431524607326651,0.676089550782541,0.12012083712977,0.0753902017366812,0.239504831130416,0.218867019428432,0.307685397117253,0.154405736226201
78.4913793103448,5.11536205885311e-17,0.0061545794434561,0.207143451544461,0.238044441617501,0.231388770685515,0.0108204205219613,0.423386889852658,0.676312017718634,0.120265670224779,0.0758877366351816,0.238701670039443,0.21913083513957,0.307583747104405,0.153436158771628
78.8793103448276,5.11536205885311e-17,0.00601885883084963,0.207031983239256,0.237904852587529,0.230272835811123,0.0108059315337455,0.415223722396918,0.676600820523893,0.120409783184101,0.0762583608762256,0.23773413363421,0.219372710938739,0.307386625529812,0.152475947688402
79.2672413793103,2.72819309805499e-17,0.00584299362834977,0.206917192792222,0.237732339604621,0.228870438548609,0.0107767298303739,0.407032683619117,0.677057207636688,0.120562776208893,0.0764634031002014,0.236800964553351,0.219649626799901,0.307140627778618,0.151608948057792
79.6551724137931,2.72819309805499e-17,0.00562210716797604,0.206802471444902,0.237511873086269,0.227112350053821,0.010733074702996,0.398864614331713,0.677531802505123,0.120715723009103,0.0765416674875593,0.235883356230088,0.219899942008631,0.306896316616384,0.150927586208422
80.0431034482759,2.72819309805499e-17,0.00535571412484165,0.206685599432013,0.237211002668005,0.225005852899179,0.0106833668774666,0.390814520204281,0.677736241979515,0.120824590850515,0.0764590706933764,0.235048157523673,0.220090090778276,0.306493964628246,0.150306490932616
80.4310344827586,5.11536205885311e-17,0.00504504182685256,0.20657386857831,0.236749902739387,0.222508371838236,0.0106156253858641,0.383068408835224,0.677352980158148,0.120873790565141,0.076224080278473,0.234322092833866,0.220136518771331,0.3060154614519,0.149905054152277
80.8189655172414,5.11536205885311e-17,0.00469619104398473,0.206471419817716,0.236169721322171,0.219531424968787,0.0105300709184807,0.375510679065357,0.676508195264204,0.120870143697762,0.0758610465305843,0.233715448240355,0.220107305269844,0.305492404276675,0.149436353352645
81.2068965517241,5.11536205885311e-17,0.00430745907820893,0.206423172796703,0.235490807234052,0.216126560991557,0.0104296559425902,0.368220049517677,0.675521844110887,0.12081966291881,0.0753990612884643,0.233349678850651,0.220039481753339,0.304991999762941,0.149115378262115
81.5948275862069,2.72819309805499e-17,0.00389305510944375,0.206359506878235,0.234728179930844,0.21243164551752,0.010316525963837,0.361282004773825,0.673932088985555,0.120691323801627,0.0748635168145033,0.233117977544872,0.219853987226163,0.304577120332657,0.148789279164409
81.9827586206897,5.11536205885311e-17,0.00346226475210136,0.206313894745365,0.233938941838579,0.208555942731229,0.0101968527477242,0.354777214537837,0.672031020003,0.120539863658383,0.0743822912281621,0.233092760697082,0.219601135242022,0.304332952306211,0.148993504104705
82.3706896551724,5.11536205885311e-17,0.00302725905432247,0.206295575538944,0.233106916511004,0.204626980226546,0.0100596539014763,0.348545639298344,0.670037316987354,0.120364659737205,0.073886243914224,0.23324177235534,0.219283206702389,0.304285745655865,0.149306127731186
82.7586206896552,5.11536205885311e-17,0.00260018028097551,0.206247166700909,0.232246092690883,0.200642419874064,0.00991143800411514,0.342639678430766,0.668110069592282,0.120183847612271,0.0733200298204365,0.23356648970241,0.218907402276647,0.30442546920561,0.149739418962869
83.1465517241379,5.11536205885311e-17,0.0021965082719316,0.206259281148023,0.231415403121699,0.196823113235358,0.00974801037877506,0.337015287663482,0.666442280314064,0.120015459170041,0.0728029621770661,0.234144957724866,0.218551912904747,0.30479862966172,0.150282773834927
83.5344827586207,5.11536205885311e-17,0.00181563102719942,0.206202057854844,0.230525976224231,0.193192304650613,0.00956603734406557,0.331516999607324,0.66517926645065,0.11988374442201,0.0723086253800674,0.234905921600092,0.21817195165191,0.305395300015649,0.150961345307568
83.9224137931034,2.72819309805499e-17,0.00146792351964358,0.206203940770077,0.229706756303485,0.189874277100955,0.00937580798026379,0.326249015508778,0.664546050224576,0.119797889329911,0.0718330754125164,0.235768230101616,0.217818841542787,0.306264639680369,0.151669082150839
84.3103448275862,2.72819309805499e-17,0.00116114510357664,0.206208847986762,0.22893410564469,0.186729304674108,0.0091755083181811,0.321065515005117,0.664637128653483,0.119807427592782,0.0713649355308102,0.236693508935964,0.217501728729793,0.307351339742759,0.152440627307763
84.698275862069,2.72819309805499e-17,0.000897406392384084,0.206188783651975,0.228195938815483,0.183957662727324,0.00896037777980089,0.31605887813895,0.665417536068652,0.119856265494101,0.0709417853387136,0.237602353981325,0.217193934639276,0.308601442870987,0.153243645820434
85.0862068965517,5.11536205885311e-17,0.000676717478755395,0.206130394130506,0.227488881359482,0.181498508084339,0.00874430402010627,0.311232152673119,0.666717151027256,0.11995804850373,0.0704728853100504,0.238466702264762,0.216810439609751,0.30999875849746,0.154070464869984
85.4741379310345,5.11536205885311e-17,0.000496374673024493,0.205991283281874,0.226809300095711,0.179188154386392,0.00852779681568214,0.306677450435764,0.668484075470172,0.12010694490405,0.0700038851864482,0.239278313924581,0.216369666065627,0.31151393251245,0.154882706392118
85.8620689655172,5.11536205885311e-17,0.000353038601679642,0.205765076231017,0.226179589816915,0.177083152463559,0.00831131279190427,0.302435341030463,0.670470855338613,0.120285178468931,0.0695166489813604,0.239996149278448,0.215881479251128,0.313109125996537,0.155550160193075
86.25,2.72819309805499e-17,0.000242076568154942,0.205523925895292,0.225563613915242,0.175061241944425,0.00809929895669395,0.29839023259828,0.672631886192976,0.120459868673521,0.069109684337127,0.240598700930279,0.215349873298602,0.314666114884793,0.156158006060107
86.6379310344828,5.11536205885311e-17,0.000158491327658675,0.20518823722769,0.224992384644325,0.173274790680921,0.00789147686739859,0.294628740931425,0.674819951572462,0.120626639292279,0.0686667351143849,0.241052705656632,0.214784849655011,0.316219780764666,0.156636622041986
87.0258620689655,5.11536205885311e-17,9.79995135100403e-05,0.204767983368372,0.224449523858876,0.171617839480119,0.00768847541464301,0.291293303864151,0.676934880358709,0.120763343395351,0.0681880350517749,0.241335022087386,0.214176020326736,0.317609123287717,0.157009146972811
87.4137931034483,5.11536205885311e-17,5.37179213133397e-05,0.204297143000809,0.22393123415055,0.170218475272216,0.00749573832597288,0.288465981342726,0.678823672440116,0.120890036870587,0.0677561737447295,0.241450810992557,0.213586258661816,0.318925977860932,0.157280358883637
87.801724137931,5.11536205885311e-17,3.35418006689993e-05,0.203834396694294,0.223407456886938,0.168979580285112,0.00731814511478952,0.286160258371348,0.680449437044452,0.120973690209241,0.0672894935512547,0.2415207858081,0.213044640783322,0.32007212920857,0.15750148592562
88.1896551724138,5.11536205885311e-17,8.76236662846606e-06,0.203301035298439,0.22283446067024,0.167984206782479,0.00715013557056051,0.28448322078141,0.681574827723331,0.120983901500205,0.0668417095273562,0.24145981615247,0.212533004518732,0.321035277960233,0.157560067717708
88.5775862068966,2.72819309805499e-17,1.84721407680807e-17,0.202780993348281,0.222237324792476,0.167098487331713,0.00699662131379388,0.283437164953096,0.681981913238726,0.120897689856973,0.0664263589193986,0.241311779269354,0.212080445274014,0.321788576502945,0.157562717284438
88.9655172413793,2.72819309805499e-17,1.84721407680807e-17,0.20233274515917,0.22156408343008,0.16635326739756,0.00686095075908442,0.282957178302053,0.681812577422934,0.120700393786036,0.0660506965726636,0.241131589291884,0.211709975346602,0.322302444474703,0.157555877049198
89.3534482758621,2.72819309805499e-17,1.84721407680807e-17,0.201874735360071,0.22078398937516,0.165803707019407,0.00673291696068381,0.28290258924231,0.680822022697977,0.120401089358489,0.065714038625618,0.240902758671283,0.211374643297984,0.322525597269625,0.15746150002437
89.7413793103448,5.11536205885311e-17,8.52560343142185e-18,0.201382803247324,0.219890660766091,0.165320456316811,0.0066132136902608,0.282911816472057,0.679062679630266,0.119991173124052,0.0653954296012245,0.24066205855752,0.211067910544358,0.32252551764351,0.157469498657921
90.1293103448276,5.11536205885311e-17,8.52560343142185e-18,0.200898947030619,0.218918194726742,0.164948674274753,0.00650557768421091,0.283120022633117,0.676662432982467,0.119461633400401,0.0650631787585074,0.240394727985748,0.210796077852789,0.322189362998893,0.157355988375019
90.5172413793103,5.11536205885311e-17,8.52560343142185e-18,0.200418825327313,0.217846405346809,0.164572318508383,0.00640979731571399,0.283479683276833,0.673480664862874,0.118817669930273,0.064763555833042,0.240135281349893,0.210503170085027,0.321614421993156,0.157289642295911
90.9051724137931,2.72819309805499e-17,8.52560343142185e-18,0.200041671001204,0.216678033690185,0.164148154620728,0.00631804983529283,0.284059083217925,0.669509763093005,0.118087686011726,0.0644436432802313,0.239926192373961,0.21017289102817,0.320857447040762,0.157284150742516
91.2931034482759,5.11536205885311e-17,8.52560343142185e-18,0.199623702216124,0.215481160447797,0.163712649981638,0.00623198526848783,0.284529545913813,0.665002679884528,0.117293794645866,0.0640606118993871,0.239796813915375,0.209839871592038,0.319942650192686,0.157367288071699
91.6810344827586,5.11536205885311e-17,0,0.199216499963277,0.214310849460423,0.163225278024381,0.00614955413585059,0.284795098102931,0.660133788425532,0.116479377776956,0.0635962271505535,0.239798164072818,0.209505160870787,0.319005225416373,0.157736087341553
92.0689655172414,5.11536205885311e-17,2.69977441995025e-17,0.198877666976921,0.213210974586533,0.162673867810417,0.00607756333809996,0.284812828302077,0.655084909990852,0.115622196180642,0.0630501067295001,0.239841123534482,0.209187804527303,0.317973545264232,0.158237725080375
92.4568965517241,5.11536205885311e-17,1.84721407680807e-17,0.198538077496399,0.212151713777223,0.162154659058983,0.00601276669114502,0.284689025306944,0.649493119886019,0.114803591835044,0.062420171054125,0.239945485985296,0.208841830989799,0.316829835595115,0.158818331126375
92.8448275862069,5.11536205885311e-17,1.84721407680807e-17,0.198134146455638,0.211161737353672,0.161709816432001,0.00594873365600581,0.284426408333083,0.643783699775826,0.11403448316701,0.0617229790701185,0.24001690917711,0.208413551552636,0.31572582900741,0.159517187194802
93.2327586206897,2.72819309805499e-17,1.84721407680807e-17,0.19769558975573,0.210278559273999,0.16123131488301,0.00588805300538699,0.28389603174268,0.638146801766524,0.113280271437611,0.0609684893400994,0.240120729403029,0.20795710054538,0.314617179709307,0.160471054292135
93.6206896551724,2.72819309805499e-17,1.84721407680807e-17,0.197231100430229,0.209379387699753,0.160762725376698,0.00582903203558887,0.283046063963746,0.632569767838355,0.112543266878474,0.0601422406871438,0.240195441725617,0.207433650485924,0.313425059359735,0.161726060548062
94.0086206896552,2.72819309805499e-17,1.84721407680807e-17,0.196712426313221,0.208681294120387,0.160315429572614,0.00578411764407154,0.282397373099908,0.626817345614447,0.111829691340531,0.0593138000371247,0.240232724616779,0.206853583697261,0.31219243646618,0.163472509341515
94.3965517241379,5.11536205885311e-17,8.52560343142185e-18,0.196160467329677,0.20805440075312,0.159943018612707,0.00574239813137908,0.281708108433438,0.620812666801443,0.111124058882197,0.0585982268322994,0.240182290286232,0.206182376740308,0.31099902838246,0.165464897376138
94.7844827586207,5.11536205885311e-17,8.52560343142185e-18,0.195488910653212,0.207516809389684,0.159547817984429,0.005710075330177,0.281177049859318,0.614225410009735,0.110408336887802,0.0579140395018463,0.239986352048707,0.205394901295661,0.309821610881163,0.167943019018303
95.1724137931034,5.11536205885311e-17,8.52560343142185e-18,0.194797497595481,0.206954200064048,0.159049143107218,0.00568277181878092,0.28079934043019,0.607567759958308,0.109659722306779,0.0572156421097341,0.239696769147549,0.20451025161167,0.308593322698282,0.170913135350515
95.5603448275862,2.72819309805499e-17,8.52560343142185e-18,0.193995613264462,0.206335418406072,0.158573049862981,0.00565820650234071,0.280559611358399,0.601016420702002,0.108867331268937,0.0566215788745415,0.239307098918955,0.203555048998514,0.307367042436002,0.174424638985774
95.948275862069,5.11536205885311e-17,8.52560343142185e-18,0.193106895084884,0.205649039781947,0.158113876416296,0.0056378690409998,0.280228849178087,0.594424308607904,0.108003569789335,0.0560881358590327,0.238833950480634,0.202513612271747,0.306245361309313,0.178300915545291
96.3362068965517,5.11536205885311e-17,0,0.192136725349195,0.204896796197566,0.157617336086528,0.00562292232430254,0.280061073425577,0.587923378743659,0.107168081152095,0.0555486825342432,0.238235140590536,0.201371853065608,0.305234696925361,0.182606634297741
96.7241379310345,5.11536205885311e-17,2.69977441995025e-17,0.191144459627601,0.204044336044429,0.157104744089992,0.00560655504088641,0.280005622546427,0.581632488879703,0.106315118125946,0.0551042746744456,0.237579334311726,0.200222045809159,0.304297906223416,0.187124929743797
97.1120689655172,5.11536205885311e-17,1.84721407680807e-17,0.190189270429946,0.203145554537168,0.156676123690324,0.00558804672588262,0.279968217616884,0.576041909204603,0.105472466804842,0.0547011166139938,0.236909178412915,0.199122992071218,0.303456493121968,0.192147495126158
97.5,5.11536205885311e-17,1.84721407680807e-17,0.189229071930566,0.202135773174741,0.156190436696453,0.00557093250469959,0.279984120040295,0.57129289603154,0.104676756306707,0.054331827664141,0.236208440721058,0.19804111672525,0.302809003864728,0.197439338154014
97.8879310344828,2.72819309805499e-17,1.84721407680807e-17,0.18823127520901,0.200866356403112,0.155757805018661,0.00555163344084796,0.280050872960238,0.567107924088852,0.103938946098475,0.0539828908062429,0.23542529194355,0.196978021421705,0.302332149020317,0.20307466819865
98.2758620689655,2.72819309805499e-17,1.84721407680807e-17,0.187289603237318,0.199425793422353,0.155324493230928,0.00552872540152354,0.280151327638013,0.563755955733542,0.103226517259068,0.0537116207983925,0.234640794789998,0.195997050294826,0.302001148536032,0.209023699707502
98.6637931034483,2.72819309805499e-17,1.84721407680807e-17,0.186391880001175,0.197762123731302,0.154963253401148,0.00550408119271015,0.280374074251035,0.561233983214479,0.102612900476853,0.0532283521848382,0.233835816056551,0.195127277203131,0.301881095741594,0.215107713383468
99.051724137931,5.11536205885311e-17,8.52560343142185e-18,0.1855331364658,0.195950465213894,0.154679822219247,0.00547349442436213,0.280414979575657,0.559277255569793,0.10208585166525,0.0530567675450229,0.233011983249145,0.194333919772832,0.301992696979147,0.22111092478105
99.4396551724138,5.11536205885311e-17,8.52560343142185e-18,0.184832743764067,0.194027618195951,0.154151426195142,0.00543855535212517,0.280525330342452,0.558160941157991,0.101693524157092,0.0527415375399241,0.232198995801439,0.1936554394888,0.302301340407557,0.22716089001229
99.8275862068966,5.11536205885311e-17,8.52560343142185e-18,0.184289924694959,0.191983579067745,0.153729459497184,0.00540508590432489,0.280644261492707,0.557830446702305,0.101418479437533,0.0526523936044722,0.231412125705436,0.193106437007539,0.302857405738547,0.233081708875356
100.215517241379,2.72819309805499e-17,8.52560343142185e-18,0.183898434730237,0.189771925869532,0.153085818738596,0.00536647793826131,0.280814152865493,0.557862027045499,0.10124816759886,0.052653714426078,0.23064362294073,0.1926889156172,0.303572772014632,0.238795801984091
100.603448275862,5.11536205885311e-17,8.52560343142185e-18,0.183670627907937,0.187488714033308,0.152330596965948,0.00532403802504546,0.28095391148494,0.557892306840428,0.101166999017186,0.0523701924117657,0.229909137715468,0.19238755972863,0.304469004428521,0.244248610672792
100.991379310345,5.11536205885311e-17,0,0.183647623278846,0.185121428478511,0.151605096103209,0.00528378751323584,0.281098953117197,0.558003504929124,0.101137597889867,0.0520561625034827,0.229223112099691,0.192171183449312,0.305585611280971,0.249408141429956
101.379310344828,5.11536205885311e-17,2.69977441995025e-17,0.183867984335635,0.182689688787654,0.150706433724435,0.00524360742498722,0.281269394752892,0.558013452376407,0.101128513445689,0.0516857678658172,0.228611897018451,0.192072528900907,0.306753395895349,0.254236827455815
101.76724137931,5.11536205885311e-17,1.84721407680807e-17,0.184257890802213,0.180217023844505,0.149228715738365,0.00519459808385335,0.281083258226498,0.557533865235358,0.101100982174078,0.0512238329260919,0.228111220627852,0.192043512710808,0.307789622907845,0.258753413378806
102.155172413793,5.11536205885311e-17,1.84721407680807e-17,0.184853301893279,0.177731802463942,0.147281769930717,0.00514825497215464,0.28018767099329,0.556511184461592,0.101037192360812,0.0506265103209047,0.227746415445177,0.192109386251541,0.308617840795472,0.262960097337719
102.543103448276,2.72819309805499e-17,1.84721407680807e-17,0.185589388624184,0.175280742590149,0.145119232442873,0.00508437182181451,0.278825189520766,0.554827242812282,0.100883949116182,0.0498432264070403,0.227474404877954,0.192193509605996,0.30924774127154,0.266894444045872
102.931034482759,2.72819309805499e-17,1.84721407680807e-17,0.186473046193875,0.172907168867534,0.142291729878383,0.00500987565160471,0.276884804405767,0.55237592025184,0.100574272359911,0.048820070380314,0.227331455725263,0.192256415857644,0.30958650008982,0.270620185942022
103.318965517241,2.72819309805499e-17,1.84721407680807e-17,0.187479213119047,0.170616127265915,0.138914400684221,0.00492115676242385,0.274137992591543,0.549254889561653,0.100167635140428,0.0475045778807476,0.227313175116992,0.192281639666302,0.309504961923885,0.274050727132055
103.706896551724,5.11536205885311e-17,8.52560343142185e-18,0.188484468622312,0.168485340846003,0.135017193596685,0.0048157691977565,0.270788322854967,0.545537294610823,0.0996548617705722,0.0458515969410572,0.227472771442613,0.192268449128167,0.309143731220595,0.277324195083313
104.094827586207,5.11536205885311e-17,8.52560343142185e-18,0.189463456086907,0.166555795042073,0.130602255643591,0.0046902543379516,0.266631150204324,0.54121596670013,0.0990148363736239,0.0438296331020244,0.227764929348542,0.192119443651243,0.308478759191516,0.280391997159812
104.48275862069,5.11536205885311e-17,8.52560343142185e-18,0.190282039059954,0.164846637828668,0.12568265548129,0.00454217892360231,0.261801567893875,0.53599971591723,0.0982550015726731,0.0414268184118088,0.228166479986174,0.191868511176686,0.307431783017406,0.283166378648154
104.870689655172,2.72819309805499e-17,8.52560343142185e-18,0.190989098216309,0.163327914234625,0.120355767615008,0.00436541114717374,0.256395385057483,0.530398856945627,0.0974672048014095,0.038655514399567,0.228623404353352,0.191551156824178,0.306145646577599,0.2856247689325
105.258620689655,5.11536205885311e-17,8.52560343142185e-18,0.191531813150142,0.162053963854244,0.11466142433406,0.00415815518679107,0.250510220939298,0.524454949108972,0.0966446585791699,0.0355546084613989,0.229126760686308,0.19114905374011,0.304682153189817,0.287807484642431
105.646551724138,5.11536205885311e-17,0,0.191758748174682,0.160959338461377,0.108666769718765,0.00391802371495669,0.244171821063448,0.517835079478495,0.0957374473372266,0.0322051532856084,0.22959689392869,0.190567288304973,0.303081506855543,0.289330509789644
106.034482758621,5.11536205885311e-17,2.69977441995025e-17,0.191699597045022,0.160018979074588,0.102452604620605,0.00365080089218032,0.23740816795593,0.510775726470993,0.0948428131653087,0.0286551483105519,0.230047735927026,0.189883734797054,0.301314794668739,0.290564768734665
106.422413793103,5.11536205885311e-17,1.84721407680807e-17,0.191419485476536,0.159199560460076,0.0961063953898325,0.00335733954579346,0.230312569045039,0.503375584096539,0.0939515627272592,0.0250307496944912,0.230470456942725,0.189089947600463,0.299396840283958,0.291491349600577
106.810344827586,5.11536205885311e-17,1.84721407680807e-17,0.1909074723131,0.158519549347627,0.0897552723432034,0.00304523467137045,0.22306283199179,0.495309346313726,0.0930589694105436,0.021468847783373,0.230805040315569,0.188188871449532,0.297418505544266,0.291808873720137
107.198275862069,2.72819309805499e-17,1.84721407680807e-17,0.190224914415618,0.157858170939997,0.0833865168225938,0.00271957653168355,0.215949676077512,0.486968976768634,0.0922113207286744,0.0180041663190814,0.231049151424709,0.187224014719948,0.295395284141333,0.291695295714168
107.586206896552,2.72819309805499e-17,1.84721407680807e-17,0.189434292252298,0.15722490375669,0.0771616578098377,0.00238862720155151,0.208834157058382,0.478563019278523,0.0914322912568141,0.0147741154337053,0.231190743104275,0.186241344055127,0.293296576068947,0.291342673903988
107.974137931034,2.72819309805499e-17,1.84721407680807e-17,0.188574125346451,0.156472077369706,0.0711952626147671,0.00206133615888728,0.201659240911218,0.470123384242514,0.0906354007157893,0.0118673519149133,0.23126183319051,0.185245180343977,0.291118888770048,0.290578697748433
108.362068965517,5.11536205885311e-17,8.52560343142185e-18,0.18769373985611,0.155640807875748,0.0654849225995003,0.00174556749439517,0.194708663092752,0.461878123831283,0.089904068462573,0.00928526121673493,0.231233695646611,0.184248782330179,0.288948555052929,0.289556739889184
108.75,5.11536205885311e-17,8.52560343142185e-18,0.186788680940076,0.154673335546803,0.0602289147886502,0.00144924027377838,0.188208252947635,0.453677038058327,0.0891797998385508,0.00708133710616198,0.23108949910203,0.183181618226688,0.286792153789614,0.288157384001852
109.137931034483,5.11536205885311e-17,8.52560343142185e-18,0.185960162889022,0.153600369230445,0.055353393775982,0.00117845194560419,0.182081191072613,0.445755836957624,0.0884729447991191,0.00525701920826807,0.230873756953625,0.182170236702637,0.284652237433194,0.286496458442617
109.525862068966,2.72819309805499e-17,8.52560343142185e-18,0.185254320383795,0.152513484676058,0.050944680992009,0.000937501027770621,0.176364102395587,0.438331716937561,0.0877710058739417,0.00377696058321917,0.230673823018328,0.181190222293068,0.282583151294078,0.284710368987802
109.913793103448,5.11536205885311e-17,8.52560343142185e-18,0.184680923238314,0.151388778921026,0.0470824466828185,0.000729483366574295,0.171123618420469,0.43145888286971,0.0871207120769442,0.00262757726713676,0.230465042446182,0.180255168799189,0.280645292668522,0.282790248430771
110.301724137931,5.11536205885311e-17,0,0.184159163192617,0.150258719575063,0.0436185394076213,0.000553097212950038,0.166355667917094,0.424633647171826,0.0864434053141471,0.00185959451494787,0.230275086179454,0.179347138730532,0.278790853840143,0.280759038581144
110.689655172414,5.11536205885311e-17,2.69977441995025e-17,0.18371991933633,0.149130820049954,0.0406081602147148,0.000409381927131537,0.162167345169297,0.418094645480735,0.0857946229284228,0.00110476023030783,0.23011116543277,0.178482034013884,0.27704931323365,0.278768225030533
111.077586206897,5.11536205885311e-17,1.84721407680807e-17,0.183289071385641,0.148083310330044,0.0382053021564051,0.000293179526645187,0.158327119587234,0.411450679136448,0.0851000761697424,0.000677073694181497,0.23000931152129,0.177630839801503,0.275481537738114,0.276866278742966
111.465517241379,5.11536205885311e-17,1.84721407680807e-17,0.182910583529402,0.147185896760451,0.0360408065197843,0.000201597006530416,0.154795155822862,0.404657946128138,0.0843956373125721,0.000271266279755008,0.230001516545551,0.17679404116388,0.274043742612108,0.275250665330358
111.853448275862,2.72819309805499e-17,1.84721407680807e-17,0.182570085995523,0.146484537330133,0.0342677890019674,0.000133553767086099,0.151502157891239,0.397827848235993,0.0836209185115824,3.54286187039086e-16,0.230082609424821,0.175949106534859,0.272750116542285,0.273900928656358
112.241379310345,2.72819309805499e-17,1.84721407680807e-17,0.182237463745283,0.145911540710658,0.0325836713525399,8.39629333298272e-05,0.148401583517058,0.390987315104673,0.0828061339532236,1.66722911547805e-16,0.2302378099117,0.175044043064418,0.271535941203866,0.272861257371864
112.629310344828,2.72819309805499e-17,1.84721407680807e-17,0.181879130872316,0.145536303404661,0.0309917371578629,4.82845290825778e-05,0.145437569185604,0.383897261292095,0.0819594748848946,1.66722911547805e-16,0.230492689775951,0.174086983562276,0.27036832809499,0.272150361217839
113.01724137931,5.11536205885311e-17,8.52560343142185e-18,0.18160517276589,0.145361244683744,0.0297150204577174,2.37362329665586e-05,0.142542098614327,0.376897511057967,0.0811359808998042,1.66722911547805e-16,0.230863441932381,0.173061830137826,0.269278818523182,0.271827087860582
113.405172413793,5.11536205885311e-17,8.52560343142185e-18,0.181284241527179,0.14536072042509,0.0288025829082217,1.12699957881334e-05,0.139429087083071,0.370098320321265,0.0803744002792213,3.54286187039086e-16,0.231317368770751,0.171976678964253,0.268361492607982,0.271812215664429
113.793103448276,5.11536205885311e-17,8.52560343142185e-18,0.180920123741221,0.145494070511715,0.0280510867870642,2.98396120099765e-17,0.136722246173594,0.363639149991459,0.0796985600106523,3.54286187039086e-16,0.23188008196242,0.170824225848094,0.267539875310508,0.271971616534603
114.181034482759,2.72819309805499e-17,8.52560343142185e-18,0.180514973119005,0.14574521838917,0.0272915621272411,2.98396120099765e-17,0.133903003451584,0.357595634666913,0.079131009641851,3.54286187039086e-16,0.232534398172135,0.169704043917775,0.266700084512636,0.27246207281455
114.568965517241,5.11536205885311e-17,8.52560343142185e-18,0.180078418057307,0.146002286541869,0.0266468860544564,2.98396120099765e-17,0.131142511740577,0.352051191505745,0.078677853905199,3.54286187039086e-16,0.23327033555282,0.168564710041598,0.265868264225332,0.273299625204838
114.956896551724,5.11536205885311e-17,0,0.179564622098921,0.146241600379673,0.0260805316898728,2.27349424837916e-17,0.128277235149231,0.347020158870548,0.0783050815041723,1.66722911547805e-16,0.23409714722659,0.167404257550549,0.264962196692687,0.274371457521007
115.344827586207,5.11536205885311e-17,2.69977441995025e-17,0.179003480607469,0.14650083263821,0.0255518313264576,1.56302729576067e-17,0.125336912808677,0.342522675759044,0.0780213131963688,1.66722911547805e-16,0.235002183629306,0.166215581004192,0.263994530065154,0.275595110432564
115.73275862069,5.11536205885311e-17,1.84721407680807e-17,0.178324861468688,0.146634552940287,0.025039657099819,1.56302729576067e-17,0.12264550098859,0.338562590141186,0.077796953607561,1.66722911547805e-16,0.235970503335636,0.165058408382281,0.26299408358542,0.276946454069056
116.120689655172,5.11536205885311e-17,1.84721407680807e-17,0.177570288046298,0.146669336691083,0.0245152033736875,1.56302729576067e-17,0.119991301667457,0.334931207259734,0.0776164224340112,3.54286187039086e-16,0.236985558599734,0.16394442450774,0.26188841841587,0.278283099163124
116.508620689655,2.72819309805499e-17,1.84721407680807e-17,0.176658605026113,0.146589089245535,0.0239465216802805,2.27349424837916e-17,0.1172916910871,0.331781992028557,0.0774259905696236,3.54286187039086e-16,0.238052034024139,0.162863698945484,0.260686815993178,0.279700052198123
116.896551724138,2.72819309805499e-17,1.84721407680807e-17,0.17560965249054,0.146392079731948,0.023293721081294,2.98396120099765e-17,0.11476145531671,0.32894701540651,0.077206046659537,1.66722911547805e-16,0.239132246210688,0.161863050180181,0.259407935429712,0.281028037627978
117.284482758621,2.72819309805499e-17,1.84721407680807e-17,0.174530676438676,0.146040177354449,0.0225263100465999,2.98396120099765e-17,0.112227134584473,0.326669738381784,0.0769742701053384,1.66722911547805e-16,0.240238331587068,0.160924051067266,0.257999406298877,0.282409940680251
117.672413793103,5.11536205885311e-17,8.52560343142185e-18,0.173467497604112,0.145648624932915,0.0216168559267814,2.98396120099765e-17,0.109985831658357,0.324628613334542,0.0766107375235636,1.66722911547805e-16,0.241279894172698,0.160068973756832,0.256496515527903,0.283665886629016
118.060344827586,5.11536205885311e-17,8.52560343142185e-18,0.172377644299405,0.145209066440065,0.0205472326381215,3.69442815361614e-17,0.107898649015736,0.322698085257375,0.0762187175197279,3.54286187039086e-16,0.242253875303205,0.159335109235575,0.254964035788572,0.284747181927107
118.448275862069,5.11536205885311e-17,8.52560343142185e-18,0.171198535042524,0.144756597054347,0.0193224532926357,2.98396120099765e-17,0.105918960895353,0.320700845294718,0.0757277376315555,3.54286187039086e-16,0.243139474701416,0.158714447113599,0.253442813418087,0.285681175374774
118.836206896552,2.72819309805499e-17,8.52560343142185e-18,0.170050178513978,0.144317322962197,0.0179229590534031,2.98396120099765e-17,0.104244639995948,0.318619058883745,0.0751499003372328,3.54286187039086e-16,0.24399085579715,0.158183216462693,0.251901960547877,0.286611752964251
119.224137931034,5.11536205885311e-17,8.52560343142185e-18,0.168987140659934,0.143884674898381,0.0163861160659209,2.98396120099765e-17,0.102490378545744,0.31656334541551,0.0744991077088278,3.54286187039086e-16,0.244808917840121,0.157661653926836,0.250342902844795,0.287440503940726
119.612068965517,5.11536205885311e-17,0,0.167958306798935,0.143497953281345,0.0147442452227967,2.27349424837916e-17,0.100877364815257,0.314194677903415,0.0738237492388454,1.66722911547805e-16,0.245501559676169,0.157150504779088,0.248820856352391,0.288154221755073
120,5.11536205885311e-17,2.69977441995025e-17,0.166983748750874,0.143078176533259,0.0130843279903307,1.56302729576067e-17,0.0992745943968703,0.311496609236738,0.0730721577449981,1.66722911547805e-16,0.246047502896034,0.156583199328936,0.247319224882261,0.288736620091944
120.387931034483,5.11536205885311e-17,1.84721407680807e-17,0.166082720575412,0.142616978599461,0.0113550892272365,1.56302729576067e-17,0.0975539984001467,0.308368884679683,0.0722962399171471,1.66722911547805e-16,0.24651606207155,0.155937775258747,0.245801256602854,0.289191473189816
120.775862068966,5.11536205885311e-17,1.84721407680807e-17,0.165194881748511,0.142157438120896,0.00970976920834597,1.56302729576067e-17,0.0956833980061091,0.304828486709076,0.071489344908472,3.54286187039086e-16,0.246927311039986,0.155112264428586,0.244246744016502,0.289549533386357
121.163793103448,2.72819309805499e-17,1.84721407680807e-17,0.164324479585133,0.141658687535412,0.00811313658377599,2.27349424837916e-17,0.0935349234311076,0.30085582539061,0.0706515490224011,3.54286187039086e-16,0.247180598323999,0.154118241058029,0.24267289712699,0.289730341733486
121.551724137931,2.72819309805499e-17,1.84721407680807e-17,0.163440048706821,0.14102272704554,0.00659577238972919,2.98396120099765e-17,0.0909418274654745,0.296348339777907,0.0697483177263904,1.66722911547805e-16,0.247345703528957,0.152920612435831,0.241029815020853,0.289836437379822
121.939655172414,2.72819309805499e-17,1.84721407680807e-17,0.162568866161265,0.140315617001711,0.00527818768861733,2.98396120099765e-17,0.0877897652485748,0.291617618979047,0.0688255349658241,1.66722911547805e-16,0.247440273037543,0.151545510755705,0.239350183862218,0.289806251140143
122.327586206897,5.11536205885311e-17,8.52560343142185e-18,0.161650452401184,0.139470217239729,0.00410169204028557,2.98396120099765e-17,0.0839914226373163,0.286474271634115,0.0678585454940241,1.66722911547805e-16,0.247436005350588,0.150020734608628,0.237657222218795,0.28956235861541
122.715517241379,5.11536205885311e-17,8.52560343142185e-18,0.160732984210617,0.138573683321319,0.00309141406617136,3.69442815361614e-17,0.0795004169686101,0.281006835879297,0.0668994740965618,3.54286187039086e-16,0.247315253484386,0.148388947346779,0.235980956889778,0.289159348108641
123.103448275862,5.11536205885311e-17,8.52560343142185e-18,0.159729470739376,0.137582678060408,0.00226339929736679,2.98396120099765e-17,0.0743213285257872,0.275236408039114,0.0659308504513653,3.54286187039086e-16,0.246995952923758,0.146702444578118,0.23435288792994,0.288469334434884
123.491379310345,2.72819309805499e-17,8.52560343142185e-18,0.158671547570152,0.136493327818436,0.00160319869432939,2.98396120099765e-17,0.0685141560893732,0.269254073937896,0.0650271781729484,3.54286187039086e-16,0.246581784511535,0.145022261358316,0.232830829116697,0.287634749841933
123.879310344828,5.11536205885311e-17,8.52560343142185e-18,0.157665694185372,0.135472794808715,0.00115878224423882,2.98396120099765e-17,0.0622067835748201,0.263110438788215,0.0641827320084421,3.54286187039086e-16,0.246079962256271,0.143421510764705,0.231457727636732,0.286770489968639
124.26724137931,5.11536205885311e-17,0,0.156640794883803,0.134463546028413,0.000796666094761123,2.27349424837916e-17,0.0555230248131964,0.256899161409741,0.0633884401309424,1.66722911547805e-16,0.245431499152344,0.141927275198222,0.230224183872377,0.285855958139337
124.655172413793,5.11536205885311e-17,2.69977441995025e-17,0.155572105067145,0.133458987633672,0.000479224346337767,1.56302729576067e-17,0.0486893372629416,0.250588183886656,0.062655489728773,1.66722911547805e-16,0.244671652842018,0.140555544619768,0.229138605083921,0.284742737596811
125.043103448276,5.11536205885311e-17,1.84721407680807e-17,0.154605783918133,0.132535394741928,0.000255026300419501,1.56302729576067e-17,0.0420431349561626,0.244451975845174,0.0620072054989759,1.66722911547805e-16,0.243887764795806,0.139334445338072,0.228233419101702,0.283780280294818
125.431034482759,5.11536205885311e-17,1.84721407680807e-17,0.153731977220277,0.131717743857441,0.000101018684596813,1.56302729576067e-17,0.0354123479952777,0.238453468929499,0.0614366511713976,3.54286187039086e-16,0.243001037254729,0.138269203727752,0.227486407464862,0.282983711068202
125.818965517241,2.72819309805499e-17,1.84721407680807e-17,0.152947339881224,0.130999974467974,4.29690412943661e-16,2.27349424837916e-17,0.029204442259105,0.232775548836792,0.0609270791543376,3.54286187039086e-16,0.242050572651767,0.137334537844256,0.226916210362585,0.282175075335119
126.206896551724,2.72819309805499e-17,1.84721407680807e-17,0.152281688015067,0.13029257301562,6.44535619415492e-16,2.98396120099765e-17,0.0235619572297665,0.227511179709346,0.0605259625017196,1.66722911547805e-16,0.2410750760175,0.136574494791068,0.226471430828502,0.281451296563605
126.594827586207,2.72819309805499e-17,1.84721407680807e-17,0.151731397271135,0.129806878610582,4.29690412943661e-16,2.98396120099765e-17,0.0186824596906805,0.222698252334821,0.0601752054697295,1.66722911547805e-16,0.240091465022414,0.135971641632463,0.226187353825577,0.280912215714739
126.98275862069,5.11536205885311e-17,8.52560343142185e-18,0.151294778181275,0.129366608759257,4.29690412943661e-16,2.98396120099765e-17,0.0144441590319506,0.218425554571381,0.0599007731308384,1.66722911547805e-16,0.239105642499766,0.135504880384783,0.225940328344878,0.280577795723372
127.370689655172,5.11536205885311e-17,8.52560343142185e-18,0.15099281117308,0.129088538133802,4.29690412943661e-16,3.69442815361614e-17,0.0107837384420074,0.214774656862159,0.0596701539576545,3.54286187039086e-16,0.238182364316796,0.135155175583857,0.225724351455714,0.280471978334184
127.758620689655,5.11536205885311e-17,8.52560343142185e-18,0.150779333337789,0.128307602778016,4.29690412943661e-16,2.98396120099765e-17,0.00782142395817664,0.211884683292427,0.059465242521011,3.54286187039086e-16,0.237336852921337,0.134884674718015,0.225580201587303,0.280561913783503
128.146551724138,2.72819309805499e-17,8.52560343142185e-18,0.150625737124583,0.127356694334837,2.14845206471831e-16,2.98396120099765e-17,0.00553847604446578,0.209302040501904,0.0592677515298607,3.54286187039086e-16,0.236593008808841,0.134686068427265,0.225406607290031,0.280735181122548
128.534482758621,5.11536205885311e-17,8.52560343142185e-18,0.150499548233114,0.126127497166918,4.29690412943661e-16,2.98396120099765e-17,0.0037318379439536,0.207097807707583,0.0590609761115534,3.54286187039086e-16,0.235944868181733,0.134545486585707,0.225198254665637,0.280944246018124
128.922413793103,5.11536205885311e-17,0,0.150388683948897,0.124513561351227,4.29690412943661e-16,2.27349424837916e-17,0.00241818858555787,0.205304880334442,0.0588298333728358,1.66722911547805e-16,0.235400085176657,0.134496273994648,0.224965116224221,0.281288192914969
129.310344827586,5.11536205885311e-17,2.69977441995025e-17,0.150232060909653,0.122372708548073,4.29690412943661e-16,1.56302729576067e-17,0.00143390043951797,0.203756937132798,0.0585901376098404,1.66722911547805e-16,0.234984817617999,0.134464260300391,0.224706390615852,0.28169675320139
129.698275862069,5.11536205885311e-17,1.84721407680807e-17,0.150065691209873,0.1195897467923,4.29690412943661e-16,1.56302729576067e-17,0.00076185269776774,0.202526282712878,0.0582831938977948,1.66722911547805e-16,0.234701836643293,0.134431182821374,0.224372741420671,0.282191673021541
130.086206896552,5.11536205885311e-17,1.84721407680807e-17,0.149931438295159,0.116060473318569,2.14845206471831e-16,1.56302729576067e-17,0.000354509103258738,0.201471975111287,0.0579652514236012,3.54286187039086e-16,0.234515078949195,0.134383077085323,0.223912739012552,0.282771191713352
130.474137931034,2.72819309805499e-17,1.84721407680807e-17,0.149715111889195,0.11170359296515,4.29690412943661e-16,2.27349424837916e-17,3.33066907387547e-16,0.200252432417455,0.0576124424853499,3.54286187039086e-16,0.234387490363545,0.134334529622735,0.223405491211749,0.283255661014994
130.862068965517,2.72819309805499e-17,1.84721407680807e-17,0.149431943666193,0.106472809352314,6.44535619415492e-16,2.98396120099765e-17,1.11022302462516e-16,0.198918137891135,0.0572368271019608,1.66722911547805e-16,0.23431508380587,0.134310491023839,0.222877340614424,0.283712599138327
131.25,2.72819309805499e-17,1.84721407680807e-17,0.149140401263426,0.100376989235228,4.29690412943661e-16,2.98396120099765e-17,1.11022302462516e-16,0.197586378490052,0.0568524573509451,1.66722911547805e-16,0.234367982574125,0.134274830530442,0.222303728330557,0.284337164012934
131.637931034483,5.11536205885311e-17,8.52560343142185e-18,0.148803831114609,0.0934706051120813,4.29690412943661e-16,2.98396120099765e-17,3.33066907387547e-16,0.19607336377974,0.0564601019938647,1.66722911547805e-16,0.234543105251245,0.134240709732521,0.221716278652507,0.284976942651915
132.025862068966,5.11536205885311e-17,8.52560343142185e-18,0.148435790213314,0.0858492521166881,4.29690412943661e-16,3.69442815361614e-17,3.33066907387547e-16,0.194369311387148,0.0560726847167032,3.54286187039086e-16,0.234709506273719,0.134194664073614,0.221157752545032,0.285545086656297
132.413793103448,5.11536205885311e-17,8.52560343142185e-18,0.148051327517488,0.0776419660425151,4.29690412943661e-16,2.98396120099765e-17,3.33066907387547e-16,0.192404034406589,0.055708740142114,3.54286187039086e-16,0.234806071721448,0.134117072083273,0.220622738339898,0.285972500657429
132.801724137931,2.72819309805499e-17,8.52560343142185e-18,0.147636598332472,0.0690756529902337,2.14845206471831e-16,2.98396120099765e-17,3.33066907387547e-16,0.190139945604671,0.0553823036482796,3.54286187039086e-16,0.234918550441075,0.133679714948531,0.21960111855736,0.28627647479808
133.189655172414,5.11536205885311e-17,8.52560343142185e-18,0.14720695678868,0.0604097234391901,4.29690412943661e-16,2.98396120099765e-17,3.33066907387547e-16,0.187698787347027,0.0550828281966735,3.54286187039086e-16,0.235056427177575,0.133440472972401,0.218980891784907,0.286478894827881
133.577586206897,5.11536205885311e-17,0,0.146764271728957,0.0518506322368299,4.29690412943661e-16,2.27349424837916e-17,3.33066907387547e-16,0.18506560803324,0.0548225812832902,1.66722911547805e-16,0.235152296476709,0.133065188290767,0.218250585299489,0.286631445828482
133.965517241379,5.11536205885311e-17,2.69977441995025e-17,0.146309994668452,0.0436582325404572,4.29690412943661e-16,1.56302729576067e-17,3.33066907387547e-16,0.182304761637065,0.0545869225697289,1.66722911547805e-16,0.235170051360621,0.13211367123813,0.216711572119222,0.286601604030255
134.353448275862,5.11536205885311e-17,1.84721407680807e-17,0.145843219540504,0.0359786866568215,4.29690412943661e-16,1.56302729576067e-17,5.55111512312578e-16,0.179465162426374,0.0543863654754379,1.66722911547805e-16,0.2351580706705,0.130784640667381,0.214603401158593,0.286427510652866
134.741379310345,5.11536205885311e-17,1.84721407680807e-17,0.145420925253425,0.0290255091827241,2.14845206471831e-16,1.56302729576067e-17,5.55111512312578e-16,0.176618304852192,0.0542052509656786,3.54286187039086e-16,0.235124619972455,0.129021974369561,0.211884718914625,0.286193743563619
135.129310344828,2.72819309805499e-17,1.84721407680807e-17,0.145005844754132,0.0229104407224564,4.29690412943661e-16,2.27349424837916e-17,3.33066907387547e-16,0.173810258132888,0.0540210732683194,3.54286187039086e-16,0.234992244788261,0.126734175084498,0.208393303262357,0.285865411056451
135.51724137931,2.72819309805499e-17,1.84721407680807e-17,0.144581507643822,0.0176142817639932,6.44535619415492e-16,2.98396120099765e-17,1.11022302462516e-16,0.171108555644813,0.0537924828549059,1.66722911547805e-16,0.23476994586452,0.123826953269494,0.203956281728383,0.285422500458335
135.905172413793,2.72819309805499e-17,1.84721407680807e-17,0.144222086686899,0.013193935508515,4.29690412943661e-16,2.98396120099765e-17,1.11022302462516e-16,0.168568663250106,0.0536232092484735,1.66722911547805e-16,0.2344778747897,0.120217564156206,0.19843363258164,0.284986674229315
136.293103448276,5.11536205885311e-17,8.52560343142185e-18,0.143924077504109,0.00961988567500948,4.29690412943661e-16,2.98396120099765e-17,3.33066907387547e-16,0.166228185117779,0.0534367879769566,1.66722911547805e-16,0.234142597426591,0.115839103352643,0.191694395595134,0.284579516878578
136.681034482759,5.11536205885311e-17,8.52560343142185e-18,0.143679956770873,0.00678460979252311,4.29690412943661e-16,3.69442815361614e-17,3.33066907387547e-16,0.164140604560299,0.0532381485173639,3.54286187039086e-16,0.23374695389869,0.110651560188853,0.183622107218999,0.284071317800334
137.068965517241,5.11536205885311e-17,8.52560343142185e-18,0.143499912386208,0.00459991809638727,4.29690412943661e-16,2.98396120099765e-17,3.33066907387547e-16,0.162319552981513,0.0530568177581651,3.54286187039086e-16,0.233370363348847,0.104650786103156,0.174200618277593,0.283511629786968
137.456896551724,2.72819309805499e-17,8.52560343142185e-18,0.143379087765193,0.00296740337397371,2.14845206471831e-16,2.98396120099765e-17,3.33066907387547e-16,0.160766942125811,0.0528944625676853,3.54286187039086e-16,0.233063821514455,0.0978754145873019,0.163472521922989,0.283083044292955
137.844827586207,5.11536205885311e-17,8.52560343142185e-18,0.143219814702952,0.00184189960855834,4.29690412943661e-16,2.98396120099765e-17,3.33066907387547e-16,0.159486352058778,0.0527219050965589,3.54286187039086e-16,0.232723174925491,0.0904104234001847,0.151562087860751,0.282602028465828
138.23275862069,5.11536205885311e-17,0,0.143183784089534,0.000980347469744498,4.29690412943661e-16,2.27349424837916e-17,3.33066907387547e-16,0.158587654784139,0.0525652940565343,1.66722911547805e-16,0.232467515534799,0.0823863258380727,0.138641184501013,0.282270099022908
138.620689655172,5.11536205885311e-17,2.69977441995025e-17,0.143187577457978,0.000399838800609226,4.29690412943661e-16,1.56302729576067e-17,3.33066907387547e-16,0.157926225010965,0.0523992391387362,1.66722911547805e-16,0.232328742087408,0.0739753190486444,0.124979360021095,0.282024588474458
139.008620689655,5.11536205885311e-17,1.84721407680807e-17,0.143214759512854,2.11561270335283e-16,4.29690412943661e-16,1.56302729576067e-17,5.55111512312578e-16,0.157475074949406,0.0522495543359442,1.66722911547805e-16,0.232264494530291,0.065373086446672,0.110896688233716,0.281817445775434
139.396551724138,5.11536205885311e-17,1.84721407680807e-17,0.143234928583255,2.11561270335283e-16,2.14845206471831e-16,1.56302729576067e-17,5.55111512312578e-16,0.157108981718082,0.0521035940283437,3.54286187039086e-16,0.232224014032228,0.0567978897888004,0.0967377498942643,0.281536206296442
139.784482758621,2.72819309805499e-17,1.84721407680807e-17,0.143239565068833,2.11561270335283e-16,4.29690412943661e-16,2.27349424837916e-17,3.33066907387547e-16,0.156862729325537,0.0519939337913011,3.54286187039086e-16,0.232312076542011,0.0484656474053843,0.0828985012160532,0.281294547614571
140.172413793103,2.72819309805499e-17,1.84721407680807e-17,0.143155485373427,2.11561270335283e-16,6.44535619415492e-16,2.98396120099765e-17,1.11022302462516e-16,0.1566968904085,0.0518219011509113,1.66722911547805e-16,0.232372247978115,0.0405743715773076,0.0696999170634534,0.281114045213262
140.560344827586,2.72819309805499e-17,1.84721407680807e-17,0.143038139836948,2.11561270335283e-16,4.29690412943661e-16,2.98396120099765e-17,1.11022302462516e-16,0.156620669354451,0.0516552126218493,1.66722911547805e-16,0.232619412031826,0.0332885053930992,0.0574378568658199,0.280896268917792
140.948275862069,5.11536205885311e-17,8.52560343142185e-18,0.142803047732074,1.05780635167642e-16,4.29690412943661e-16,2.98396120099765e-17,3.33066907387547e-16,0.15640159643793,0.0515091904747981,1.66722911547805e-16,0.232821391740417,0.0267364575344285,0.0463306744517233,0.280600743591534
141.336206896552,5.11536205885311e-17,8.52560343142185e-18,0.1424743394041,2.11561270335283e-16,4.29690412943661e-16,3.69442815361614e-17,3.33066907387547e-16,0.155817276365974,0.0513456565316819,3.54286187039086e-16,0.232824130325084,0.0209963505830912,0.0365434021692437,0.280067966115094
141.724137931034,5.11536205885311e-17,8.52560343142185e-18,0.142096606440106,3.17341905502925e-16,4.29690412943661e-16,2.98396120099765e-17,3.33066907387547e-16,0.155335454125305,0.0511455027772107,3.54286187039086e-16,0.233040722280671,0.0161070879817713,0.0281614318626403,0.279463573013621
142.112068965517,2.72819309805499e-17,8.52560343142185e-18,0.141628727072788,3.17341905502925e-16,2.14845206471831e-16,2.98396120099765e-17,3.33066907387547e-16,0.154657744229706,0.0509377018066919,3.54286187039086e-16,0.233186465969767,0.0120328190800252,0.0211485548234724,0.27861842647721
142.5,5.11536205885311e-17,8.52560343142185e-18,0.141114051451417,3.17341905502925e-16,4.29690412943661e-16,2.98396120099765e-17,3.33066907387547e-16,0.153639528643661,0.0506370832855652,3.54286187039086e-16,0.233317199867177,0.00873595172406981,0.0154420491370714,0.277515656720479
142.887931034483,5.11536205885311e-17,0,0.140509809986438,2.11561270335283e-16,4.29690412943661e-16,2.27349424837916e-17,3.33066907387547e-16,0.15223855829988,0.0503165233848198,1.66722911547805e-16,0.233281760052874,0.00614192843624258,0.0109285760135405,0.276041149820682
143.275862068966,5.11536205885311e-17,2.69977441995025e-17,0.139869604493109,2.11561270335283e-16,4.29690412943661e-16,1.56302729576067e-17,3.33066907387547e-16,0.150651675214574,0.0499279110024484,1.66722911547805e-16,0.233204920502281,0.00414793867179146,0.00744438067584877,0.275168215257447
143.663793103448,5.11536205885311e-17,1.84721407680807e-17,0.139258558325723,2.11561270335283e-16,4.29690412943661e-16,1.56302729576067e-17,5.55111512312578e-16,0.148709522692027,0.0495097814672952,1.66722911547805e-16,0.233048110499361,0.00266262431998432,0.00482742844368291,0.273965751303606
144.051724137931,5.11536205885311e-17,1.84721407680807e-17,0.138668131739524,2.11561270335283e-16,2.14845206471831e-16,1.56302729576067e-17,5.55111512312578e-16,0.146611404358523,0.0490452904325661,3.54286187039086e-16,0.232887690185088,0.00159353717171694,0.00292371970463451,0.272445147387742
144.439655172414,2.72819309805499e-17,1.84721407680807e-17,0.138116069792251,2.11561270335283e-16,4.29690412943661e-16,2.27349424837916e-17,3.33066907387547e-16,0.144422186309573,0.0485597162930855,3.54286187039086e-16,0.232642061367413,0.000984733814968759,0.001799619708239,0.270921037518145
144.827586206897,2.72819309805499e-17,1.84721407680807e-17,0.137602532496829,2.11561270335283e-16,6.44535619415492e-16,2.98396120099765e-17,1.11022302462516e-16,0.141951469055889,0.0480916489021356,1.66722911547805e-16,0.232256255271478,0.000393559177186391,0.000756997920780497,0.269469280687968
145.215517241379,2.72819309805499e-17,1.84721407680807e-17,0.13706623864516,2.11561270335283e-16,4.29690412943661e-16,2.98396120099765e-17,1.11022302462516e-16,0.139448481587837,0.0475993145597775,1.66722911547805e-16,0.231702293789702,3.06042837480066e-05,0.00010728467482401,0.267654694751543
145.603448275862,5.11536205885311e-17,8.52560343142185e-18,0.136668919924063,1.05780635167642e-16,4.29690412943661e-16,2.98396120099765e-17,3.33066907387547e-16,0.137264089247006,0.0471986851578828,1.66722911547805e-16,0.231409888203045,9.77602526803039e-17,3.22267809707746e-16,0.266455732582426
145.991379310345,5.11536205885311e-17,8.52560343142185e-18,0.136318105163794,2.11561270335283e-16,4.29690412943661e-16,3.69442815361614e-17,3.33066907387547e-16,0.134593622782915,0.0468970271976357,3.54286187039086e-16,0.230975414231363,9.77602526803039e-17,5.01305481767605e-16,0.265365832277254
146.379310344828,5.11536205885311e-17,8.52560343142185e-18,0.13599875162516,3.17341905502925e-16,4.29690412943661e-16,2.98396120099765e-17,3.33066907387547e-16,0.131913155218359,0.0466961004604298,3.54286187039086e-16,0.230637817804411,9.77602526803039e-17,5.01305481767605e-16,0.264379836604309
146.76724137931,2.72819309805499e-17,8.52560343142185e-18,0.135745763848899,3.17341905502925e-16,2.14845206471831e-16,2.98396120099765e-17,3.33066907387547e-16,0.129181547257142,0.04660803129588,3.54286187039086e-16,0.230370111953476,9.77602526803039e-17,6.80343153827464e-16,0.263541174956175
147.155172413793,5.11536205885311e-17,8.52560343142185e-18,0.135568484351759,3.17341905502925e-16,4.29690412943661e-16,2.98396120099765e-17,3.33066907387547e-16,0.12632102202695,0.0466824267769332,3.54286187039086e-16,0.230222638187018,1.95520505360608e-16,8.23573291475351e-16,0.26283431267186
147.543103448276,5.11536205885311e-17,0,0.135149253855197,2.11561270335283e-16,4.29690412943661e-16,2.27349424837916e-17,3.33066907387547e-16,0.123220831215125,0.0465963208905378,1.66722911547805e-16,0.22940754025523,1.95520505360608e-16,5.01305481767605e-16,0.26096138513892
147.931034482759,5.11536205885311e-17,2.69977441995025e-17,0.134302431912041,2.11561270335283e-16,4.29690412943661e-16,1.56302729576067e-17,3.33066907387547e-16,0.119754795184599,0.0465190153665928,1.66722911547805e-16,0.227907584835739,9.77602526803039e-17,6.80343153827464e-16,0.258442837478558
148.318965517241,5.11536205885311e-17,1.84721407680807e-17,0.133164217361304,2.11561270335283e-16,4.29690412943661e-16,1.56302729576067e-17,5.55111512312578e-16,0.115766091377761,0.0463840749766666,1.66722911547805e-16,0.225825231286555,9.77602526803039e-17,5.01305481767605e-16,0.254990239367853
148.706896551724,5.11536205885311e-17,1.84721407680807e-17,0.13163278261204,2.11561270335283e-16,2.14845206471831e-16,1.56302729576067e-17,5.55111512312578e-16,0.111176077554226,0.0461179620579245,3.54286187039086e-16,0.222979573233413,9.77602526803039e-17,5.01305481767605e-16,0.250371569718725
149.094827586207,2.72819309805499e-17,1.84721407680807e-17,0.129610605956046,2.11561270335283e-16,4.29690412943661e-16,2.27349424837916e-17,3.33066907387547e-16,0.105863372467393,0.0456631108825255,3.54286187039086e-16,0.219158093165584,9.77602526803039e-17,5.01305481767605e-16,0.244306859210148
149.48275862069,2.72819309805499e-17,1.84721407680807e-17,0.127013951436747,2.11561270335283e-16,6.44535619415492e-16,2.98396120099765e-17,1.11022302462516e-16,0.0997801646574378,0.0449549696427758,1.66722911547805e-16,0.214250247026876,0,5.01305481767605e-16,0.236732822129542
149.870689655172,2.72819309805499e-17,1.84721407680807e-17,0.123627821741432,2.11561270335283e-16,4.29690412943661e-16,2.98396120099765e-17,1.11022302462516e-16,0.0928942404438722,0.0439348689622182,1.66722911547805e-16,0.208024601264184,9.77602526803039e-17,5.01305481767605e-16,0.22744612758022
150.258620689655,5.11536205885311e-17,8.52560343142185e-18,0.119432913935715,1.05780635167642e-16,4.29690412943661e-16,2.98396120099765e-17,3.33066907387547e-16,0.0853592277200247,0.0425603497904051,1.66722911547805e-16,0.200375354379531,9.77602526803039e-17,3.22267809707746e-16,0.216506414538259
150.646551724138,5.11536205885311e-17,8.52560343142185e-18,0.114366720149113,2.11561270335283e-16,4.29690412943661e-16,3.69442815361614e-17,3.33066907387547e-16,0.077300519665533,0.0408012094261274,3.54286187039086e-16,0.191259634716107,9.77602526803039e-17,5.01305481767605e-16,0.203996871590955
151.034482758621,5.11536205885311e-17,8.52560343142185e-18,0.108411175379357,3.17341905502925e-16,4.29690412943661e-16,2.98396120099765e-17,3.33066907387547e-16,0.0689081050312907,0.0386616084034604,3.54286187039086e-16,0.180704786639903,9.77602526803039e-17,5.01305481767605e-16,0.190120127645329
151.422413793103,2.72819309805499e-17,8.52560343142185e-18,0.101583285440549,3.17341905502925e-16,2.14845206471831e-16,2.98396120099765e-17,3.33066907387547e-16,0.0604034877283951,0.0361439380849608,3.54286187039086e-16,0.168717997192064,9.77602526803039e-17,6.80343153827464e-16,0.174985803858163
151.810344827586,5.11536205885311e-17,8.52560343142185e-18,0.0939903703035861,3.17341905502925e-16,4.29690412943661e-16,2.98396120099765e-17,3.33066907387547e-16,0.0519769438809302,0.0333442707698299,3.54286187039086e-16,0.155558275185297,1.95520505360608e-16,8.23573291475351e-16,0.158900206799396
152.198275862069,5.11536205885311e-17,0,0.0857140957918448,2.11561270335283e-16,4.29690412943661e-16,2.27349424837916e-17,3.33066907387547e-16,0.0437874582468154,0.0302691400179808,1.66722911547805e-16,0.14132646895388,1.95520505360608e-16,5.01305481767605e-16,0.142209418274428
152.586206896552,5.11536205885311e-17,2.69977441995025e-17,0.0769903434186081,2.11561270335283e-16,4.29690412943661e-16,1.56302729576067e-17,3.33066907387547e-16,0.0362007506099022,0.0270005140760515,1.66722911547805e-16,0.126489000406996,9.77602526803039e-17,6.80343153827464e-16,0.125328400469628
152.974137931034,5.11536205885311e-17,1.84721407680807e-17,0.0680082466536737,2.11561270335283e-16,4.29690412943661e-16,1.56302729576067e-17,5.55111512312578e-16,0.0293524186589457,0.0236609228809114,1.66722911547805e-16,0.111428012215002,9.77602526803039e-17,5.01305481767605e-16,0.108689940583238
153.362068965517,5.11536205885311e-17,1.84721407680807e-17,0.0589942104887206,2.11561270335283e-16,2.14845206471831e-16,1.56302729576067e-17,5.55111512312578e-16,0.0231057962821718,0.0203509069112212,3.54286187039086e-16,0.0962911073665071,9.77602526803039e-17,5.01305481767605e-16,0.0925669660936178
153.75,2.72819309805499e-17,1.84721407680807e-17,0.0502315219949222,2.11561270335283e-16,4.29690412943661e-16,2.27349424837916e-17,3.33066907387547e-16,0.0177733283740768,0.0171433436012763,3.54286187039086e-16,0.0816806826037674,9.77602526803039e-17,5.01305481767605e-16,0.0773875716191096
154.137931034483,2.72819309805499e-17,1.84721407680807e-17,0.0419145822958142,2.11561270335283e-16,6.44535619415492e-16,2.98396120099765e-17,1.11022302462516e-16,0.0133539300267312,0.0141659205694805,1.66722911547805e-16,0.0679004746728877,0,5.01305481767605e-16,0.0634285926046329
154.525862068966,2.72819309805499e-17,1.84721407680807e-17,0.0342672662889389,2.11561270335283e-16,4.29690412943661e-16,2.98396120099765e-17,1.11022302462516e-16,0.00978882986179509,0.0114301693065468,1.66722911547805e-16,0.0553093839279878,9.77602526803039e-17,5.01305481767605e-16,0.050912518420654
154.913793103448,5.11536205885311e-17,8.52560343142185e-18,0.0274042076748246,1.05780635167642e-16,4.29690412943661e-16,2.98396120099765e-17,3.33066907387547e-16,0.00689269049656938,0.00902273945133743,1.66722911547805e-16,0.0440287298691979,9.77602526803039e-17,3.22267809707746e-16,0.0395811754091893
155.301724137931,5.11536205885311e-17,8.52560343142185e-18,0.0213899326755908,2.11561270335283e-16,4.29690412943661e-16,3.69442815361614e-17,3.33066907387547e-16,0.00470914093517212,0.0069353488911488,3.54286187039086e-16,0.0342477428398172,9.77602526803039e-17,5.01305481767605e-16,0.0302134855083264
155.689655172414,5.11536205885311e-17,8.52560343142185e-18,0.0162852598179265,3.17341905502925e-16,4.29690412943661e-16,2.98396120099765e-17,3.33066907387547e-16,0.00303142950981997,0.00519340510768919,3.54286187039086e-16,0.0259629497959023,9.77602526803039e-17,5.01305481767605e-16,0.0226290910896326
156.077586206897,2.72819309805499e-17,8.52560343142185e-18,0.0120712303959881,3.17341905502925e-16,2.14845206471831e-16,2.98396120099765e-17,3.33066907387547e-16,0.00179967177538376,0.00378033256298262,3.54286187039086e-16,0.019167309247334,9.77602526803039e-17,6.80343153827464e-16,0.0164677535376992
156.465517241379,5.11536205885311e-17,8.52560343142185e-18,0.00869385584937027,3.17341905502925e-16,4.29690412943661e-16,2.98396120099765e-17,3.33066907387547e-16,0.00101857267802312,0.00266383813069642,3.54286187039086e-16,0.0137656608322963,1.95520505360608e-16,8.23573291475351e-16,0.0115972527148643
156.853448275862,5.11536205885311e-17,0,0.00608994201894279,2.11561270335283e-16,4.29690412943661e-16,2.27349424837916e-17,3.33066907387547e-16,0.000480903449785552,0.00183095578588949,1.66722911547805e-16,0.00962642202220274,1.95520505360608e-16,5.01305481767605e-16,0.00808826525624464
157.241379310345,5.11536205885311e-17,2.69977441995025e-17,0.00405746564542029,2.11561270335283e-16,4.29690412943661e-16,1.56302729576067e-17,3.33066907387547e-16,0,0.00118800034361843,1.66722911547805e-16,0.0063501793020764,9.77602526803039e-17,6.80343153827464e-16,0.00519817465405188
157.629310344828,5.11536205885311e-17,1.84721407680807e-17,0.00256169633701895,2.11561270335283e-16,4.29690412943661e-16,1.56302729576067e-17,5.55111512312578e-16,1.51945198933341e-16,0.000712247776146737,1.66722911547805e-16,0.00402535582472939,9.77602526803039e-17,5.01305481767605e-16,0.00314330253442395
158.01724137931,5.11536205885311e-17,1.84721407680807e-17,0.00150004698879361,2.11561270335283e-16,2.14845206471831e-16,1.56302729576067e-17,5.55111512312578e-16,1.51945198933341e-16,0.000384210566812831,3.54286187039086e-16,0.00231629983708285,9.77602526803039e-17,5.01305481767605e-16,0.00172659215193099
158.405172413793,2.72819309805499e-17,1.84721407680807e-17,0.000748863128445858,2.11561270335283e-16,4.29690412943661e-16,2.27349424837916e-17,3.33066907387547e-16,3.79862997333351e-16,0.000161723757189687,3.54286187039086e-16,0.00110772181518392,9.77602526803039e-17,5.01305481767605e-16,0.000724944511310605
158.793103448276,2.72819309805499e-17,1.84721407680807e-17,0.000221967437275172,2.11561270335283e-16,6.44535619415492e-16,2.98396120099765e-17,1.11022302462516e-16,1.51945198933341e-16,2.28675629816137e-16,1.66722911547805e-16,0.000250131452199274,0,5.01305481767605e-16,9.39521498142688e-16
159.181034482759,2.72819309805499e-17,1.84721407680807e-17,1.87942191199344e-16,2.11561270335283e-16,4.29690412943661e-16,2.98396120099765e-17,1.11022302462516e-16,1.51945198933341e-16,2.28675629816137e-16,1.66722911547805e-16,6.31841943195375e-16,9.77602526803039e-17,5.01305481767605e-16,6.15548567748658e-16
159.568965517241,5.11536205885311e-17,8.52560343142185e-18,1.87942191199344e-16,1.05780635167642e-16,4.29690412943661e-16,2.98396120099765e-17,3.33066907387547e-16,3.79862997333351e-16,1.6141809163492e-16,1.66722911547805e-16,8.51613053872027e-16,9.77602526803039e-17,3.22267809707746e-16,6.15548567748658e-16
159.956896551724,5.11536205885311e-17,8.52560343142185e-18,2.81913286799016e-16,2.11561270335283e-16,4.29690412943661e-16,3.69442815361614e-17,3.33066907387547e-16,3.79862997333351e-16,1.6141809163492e-16,3.54286187039086e-16,6.31841943195375e-16,9.77602526803039e-17,5.01305481767605e-16,6.15548567748658e-16
160.344827586207,5.11536205885311e-17,8.52560343142185e-18,2.81913286799016e-16,3.17341905502925e-16,4.29690412943661e-16,2.98396120099765e-17,3.33066907387547e-16,3.79862997333351e-16,1.6141809163492e-16,3.54286187039086e-16,6.31841943195375e-16,9.77602526803039e-17,5.01305481767605e-16,6.15548567748658e-16
160.73275862069,2.72819309805499e-17,8.52560343142185e-18,9.3971095599672e-17,3.17341905502925e-16,2.14845206471831e-16,2.98396120099765e-17,3.33066907387547e-16,3.79862997333351e-16,1.6141809163492e-16,3.54286187039086e-16,4.12070832518723e-16,9.77602526803039e-17,6.80343153827464e-16,6.15548567748658e-16
161.120689655172,5.11536205885311e-17,8.52560343142185e-18,9.3971095599672e-17,3.17341905502925e-16,4.29690412943661e-16,2.98396120099765e-17,3.33066907387547e-16,3.79862997333351e-16,8.07090458174602e-17,3.54286187039086e-16,6.31841943195375e-16,1.95520505360608e-16,8.23573291475351e-16,6.15548567748658e-16
161.508620689655,5.11536205885311e-17,0,1.87942191199344e-16,2.11561270335283e-16,4.29690412943661e-16,2.27349424837916e-17,3.33066907387547e-16,1.51945198933341e-16,8.07090458174602e-17,1.66722911547805e-16,6.31841943195375e-16,1.95520505360608e-16,5.01305481767605e-16,2.91575637354627e-16
161.896551724138,5.11536205885311e-17,2.69977441995025e-17,1.87942191199344e-16,2.11561270335283e-16,4.29690412943661e-16,1.56302729576067e-17,3.33066907387547e-16,0,8.07090458174602e-17,1.66722911547805e-16,8.51613053872027e-16,9.77602526803039e-17,6.80343153827464e-16,2.91575637354627e-16
162.284482758621,5.11536205885311e-17,1.84721407680807e-17,2.81913286799016e-16,2.11561270335283e-16,4.29690412943661e-16,1.56302729576067e-17,5.55111512312578e-16,1.51945198933341e-16,0,1.66722911547805e-16,8.51613053872027e-16,9.77602526803039e-17,5.01305481767605e-16,2.91575637354627e-16
162.672413793103,5.11536205885311e-17,1.84721407680807e-17,2.81913286799016e-16,2.11561270335283e-16,2.14845206471831e-16,1.56302729576067e-17,5.55111512312578e-16,1.51945198933341e-16,8.07090458174602e-17,3.54286187039086e-16,8.51613053872027e-16,9.77602526803039e-17,5.01305481767605e-16,2.91575637354627e-16
163.060344827586,2.72819309805499e-17,1.84721407680807e-17,2.81913286799016e-16,2.11561270335283e-16,4.29690412943661e-16,2.27349424837916e-17,3.33066907387547e-16,3.79862997333351e-16,8.07090458174602e-17,3.54286187039086e-16,8.51613053872027e-16,9.77602526803039e-17,5.01305481767605e-16,6.15548567748658e-16
163.448275862069,2.72819309805499e-17,1.84721407680807e-17,2.81913286799016e-16,2.11561270335283e-16,6.44535619415492e-16,2.98396120099765e-17,1.11022302462516e-16,1.51945198933341e-16,2.28675629816137e-16,1.66722911547805e-16,6.31841943195375e-16,0,5.01305481767605e-16,9.39521498142688e-16
163.836206896552,2.72819309805499e-17,1.84721407680807e-17,1.87942191199344e-16,2.11561270335283e-16,4.29690412943661e-16,2.98396120099765e-17,1.11022302462516e-16,1.51945198933341e-16,2.28675629816137e-16,1.66722911547805e-16,6.31841943195375e-16,9.77602526803039e-17,5.01305481767605e-16,6.15548567748658e-16
164.224137931034,5.11536205885311e-17,8.52560343142185e-18,1.87942191199344e-16,1.05780635167642e-16,4.29690412943661e-16,2.98396120099765e-17,3.33066907387547e-16,3.79862997333351e-16,1.6141809163492e-16,1.66722911547805e-16,8.51613053872027e-16,9.77602526803039e-17,3.22267809707746e-16,6.15548567748658e-16
164.612068965517,5.11536205885311e-17,8.52560343142185e-18,2.81913286799016e-16,2.11561270335283e-16,4.29690412943661e-16,3.69442815361614e-17,3.33066907387547e-16,3.79862997333351e-16,1.6141809163492e-16,3.54286187039086e-16,6.31841943195375e-16,9.77602526803039e-17,5.01305481767605e-16,6.15548567748658e-16
165,5.11536205885311e-17,8.52560343142185e-18,2.81913286799016e-16,3.17341905502925e-16,4.29690412943661e-16,2.98396120099765e-17,3.33066907387547e-16,3.79862997333351e-16,1.6141809163492e-16,3.54286187039086e-16,6.31841943195375e-16,9.77602526803039e-17,5.01305481767605e-16,6.15548567748658e-16
